URL,80
fourier.aws.airbnb.com,X,
apicovid19-el.next.airbnb.com,X,
media-router-fp6.canary.airbnb.com,X,
tools.next.airbnb.com,X,
xxmix.next.airbnb.com,X,
i-05bda7f519a5e1411.inst.aws.airbnb.com,X,
nrikunabi.next.airbnb.com,X,
ganesh-mainframe.aws.airbnb.com,X,
i-0b045b7bf5961a994.inst.aws.airbnb.com,X,
nprod.next.airbnb.com,X,
join.next.airbnb.com,X,
b.next.airbnb.com,X,
aeon-canary.aws.airbnb.com,X,
i-045e636dfc06370ba.inst.aws.airbnb.com,X,
iackamload-uswest2.iac-dev.airbnb.com,X,
iam.next.airbnb.com,X,
tenshokuknowhow.next.airbnb.com,X,
i-001ecc279a898b792.inst.aws.airbnb.com,X,
i-094dab1ae40b40820.inst.aws.airbnb.com,X,
playstationadmin.apiwww.next.airbnb.com,X,
styles.int.next.airbnb.com,X,
staging.airbnb.com,X,
i-08e9b1bd4826c9a5c.inst.aws.airbnb.com,X,
torch-demo.airbnb.com,X,
fluffy-canary.aws.airbnb.com,X,
i-09eb4242e7fe20855.inst.aws.airbnb.com,X,
i-07cd7854dc70453fe.inst.aws.airbnb.com,X,
media.router6.canary.airbnb.com,X,
starship.api.canary.airbnb.com,X,
gentei-kumanavi-com.new.next.airbnb.com,X,
az.airbnb.com,X,
1.next.airbnb.com,X,
codex.optustvnow.next.airbnb.com,X,
xxlong.next.airbnb.com,X,
v1.next.airbnb.com,X,
happybaby1.moodle.next.airbnb.com,X,
retail.next.airbnb.com,X,
mx01.next.airbnb.com,X,
media.router3.canary.airbnb.com,X,
unica.mail31.next.airbnb.com,X,
ss13.evd.next.airbnb.com,X,
netherlands.tl-region-covid19.next.airbnb.com,X,
media-ncache-fp3.canary.airbnb.com,X,
ww.airbnb.com,X,
akamai-dev.airbnb.com,X,
admin.aws.inst.airbnb.com,X,
rtpe-prod-euwest1-03.iac.airbnb.com,X,
i-027e6af6253c5bd43.inst.aws.airbnb.com,X,
fencing.merchdirect.next.airbnb.com,X,
rtpe-prod-euwest1-04.iac.airbnb.com,X,
prod.next.airbnb.com,X,
upload.next.airbnb.com,X,
remote.next.airbnb.com,X,
docs.next.airbnb.com,X,
baesilri2.moodle.next.airbnb.com,X,
i-038b4f15cee833d45.inst.aws.airbnb.com,X,
farmersmarket.aws.airbnb.com,X,
community.use1qacomboweb01.aws.inst.airbnb.com,X,
work.airbnb.com,X,
bultaewoo4.uat.next.airbnb.com,X,
awww.airbnb.com,X,
aeon-staging.aws.airbnb.com,X,
i-0d0f3cf8b3fcafbb7.inst.aws.airbnb.com,X,
i-06bb6e19884d452f6.inst.aws.airbnb.com,X,
i-0dd69619fc0791ff5.inst.aws.airbnb.com,X,
yamaguchi.mail33.next.airbnb.com,X,
d1094605.inst.aws.airbnb.com,X,
localhost.next.airbnb.com,X,
priv.next.airbnb.com,X,
community-staging.airbnb.com,X,
cemerald.apwww.next.airbnb.com,X,
shift.aws.airbnb.com,X,
alerts.aws.airbnb.com,X,
i-05d08a25b8adee01c.inst.aws.airbnb.com,X,
chk.mail35.next.airbnb.com,X,
mailgw02.moodle.next.airbnb.com,X,
view.next.airbnb.com,X,
roku.next.airbnb.com,X,
postmaster.next.airbnb.com,X,
catalog.next.airbnb.com,X,
prototype.admin-lite.airbnb.com,X,
i-0b7c0885b013b63ed.inst.aws.airbnb.com,X,
canary.airbnb.com,X,
i-094bb534856b28eb3.inst.aws.airbnb.com,X,
i-0da602df3f493773e.inst.aws.airbnb.com,X,
r-viallet1.pictures.next.airbnb.com,X,
ngalileo.next.airbnb.com,X,
i-041dc1facf3685374.inst.aws.airbnb.com,X,
raffles1.inswww.next.airbnb.com,X,
tl-covid19demo.next.airbnb.com,X,
iackam-euwest1.iac-dev.airbnb.com,X,
ligkorea.invenio.next.airbnb.com,X,
tpe.jinx-covid19-id.next.airbnb.com,X,
rtpe-uswest2-04.iac-dev.airbnb.com,X,
rtpe-prod-uswest2-03.iac.airbnb.com,X,
www.tr-integration.airbnb.com,X,
i-0758311f20fb2b656.inst.aws.airbnb.com,X,
i-04a06412cff4b7da3.inst.aws.airbnb.com,X,
sell.aws.inst.airbnb.com,X,
cim-dev.next.airbnb.com,X,
rabin.dev.next.airbnb.com,X,
i-00a372b87d8aae280.inst.aws.airbnb.com,X,
i-024211bec9750af2e.inst.aws.airbnb.com,X,
certificate.next.airbnb.com,X,
tx.next.airbnb.com,X,
ipayishop01.moodle.next.airbnb.com,X,
sli.moodle.next.airbnb.com,X,
email.airbnb.com,X,
alpha.optustvnow.next.airbnb.com,X,
kb.next.airbnb.com,X,
i-0655e1fec91405631.inst.aws.airbnb.com,X,
i-dfcd865e.inst.aws.airbnb.com,X,
i-0213d00339456af08.inst.aws.airbnb.com,X,
i-0a7d6ae1c13483c63.inst.aws.airbnb.com,X,
nstg.next.airbnb.com,X,
nova-next.airbnb.com,X,
i-0af9e38109d132cc6.inst.aws.airbnb.com,X,
i-0ac680ba9c65d6a2c.inst.aws.airbnb.com,X,
knight-staging.aws.airbnb.com,X,
rtpe-uswest2-05.iac.airbnb.com,X,
medusa-test.aws.airbnb.com,X,
umnine.new.next.airbnb.com,X,
t6e3w3d-kbkx.use1qacomboweb01.aws.inst.airbnb.com,X,
andrews.1.next.airbnb.com,X,
bessie.airbnb.com,X,
feature.https.dev.aws.inst.airbnb.com,X,
2glzjrbc05cu.dev.aws.inst.airbnb.com,X,
mail32.next.airbnb.com,X,
media-router3.canary.airbnb.com,X,
swapnil.optustvnow.next.airbnb.com,X,
o34.email.airbnb.com,X,
autoconfig.next.airbnb.com,X,
ks-vendingtransactions-mq1.next.airbnb.com,X,
ccmt.next.airbnb.com,X,
static.t.airbnb.com,X,
m.airbnb.com,X,
dev7.launchpad.airbnb.com,X,
i-2206d7ab.inst.aws.airbnb.com,X,
i-089dcc144af1805e3.inst.aws.airbnb.com,X,
i-057c05139d0569a8b.inst.aws.airbnb.com,X,
app.next.airbnb.com,X,
imap.next.airbnb.com,X,
adithya.optustvnow.next.airbnb.com,X,
i-0d244984116673835.inst.aws.airbnb.com,X,
eris-test.aws.airbnb.com,X,
c.next.airbnb.com,X,
ca.airbnb.com,X,
nebula-general.aws.airbnb.com,X,
aeon-test-02.aws.airbnb.com,X,
i-0c92d2ae574dcc4fb.inst.aws.airbnb.com,X,
wap.next.airbnb.com,X,
o2.email.airbnb.com,X,
covid19-private-zh-t.next.airbnb.com,X,
sdesign.dev.next.airbnb.com,X,
obiwan.canary.airbnb.com,X,
i-05b64905ae427f2f1.inst.aws.airbnb.com,X,
transparency.airbnb.com,X,
i-05645d62a577b8d52.inst.aws.airbnb.com,X,
i-0c8d1bb4c1a648ae1.inst.aws.airbnb.com,X,
s81.moodle.next.airbnb.com,X,
torch.airbnb.com,X,
i-0a0c3b35d19d0da2b.inst.aws.airbnb.com,X,
nfrontend.prod.next.airbnb.com,X,
ninfo.next.airbnb.com,X,
uk-int.next.airbnb.com,X,
fuckers.evd.next.airbnb.com,X,
galileo.next.airbnb.com,X,
pluto.airbnb.com,X,
vpn.us.isit.airbnb.com,X,
i-007199a0aaf249780.inst.aws.airbnb.com,X,
vpn.aws.inst.airbnb.com,X,
14.admin-lite.airbnb.com,X,
homer.iac.airbnb.com,X,
rtpe-uswest2-03.iac-dev.airbnb.com,X,
igm.optimize.next.airbnb.com,X,
adnbiz.mystique.next.airbnb.com,X,
go.next.airbnb.com,X,
apicovid19es.next.airbnb.com,X,
api.dev.staging.airbnb.com,X,
admin.use1qacomboweb01.aws.inst.airbnb.com,X,
k12.admin.airbnb.com,X,
pinterest.canary.airbnb.com,X,
nebula-test.aws.airbnb.com,X,
pisirusi1.p2p.next.airbnb.com,X,
fling.next.airbnb.com,X,
o22.email.airbnb.com,X,
img.qa01.aws.inst.airbnb.com,X,
link.recruiting.airbnb.com,X,
i-0868e2154688611e3.inst.aws.airbnb.com,X,
gaia.next.airbnb.com,X,
media-router-fp4.canary.airbnb.com,X,
mobile.next.airbnb.com,X,
i-0f954209d582ad222.inst.aws.airbnb.com,X,
is.airbnb.com,X,
dns1.next.airbnb.com,X,
globalcovid19hu.next.airbnb.com,X,
stg.next.airbnb.com,X,
videos.next.airbnb.com,X,
i-0f4ebfeac27026afb.inst.aws.airbnb.com,X,
mta-sts.next.airbnb.com,X,
i-02930f85c6f7876ba.inst.aws.airbnb.com,X,
s3devw2.apiwww.next.airbnb.com,X,
zh-profile-covid19.next.airbnb.com,X,
mapi.optustvnow.next.airbnb.com,X,
el.next.airbnb.com,X,
i-0ff52ef71bf68ff68.inst.aws.airbnb.com,X,
tracker2.pictures.next.airbnb.com,X,
i-01b1a999856476d2a.inst.aws.airbnb.com,X,
talos.canary.airbnb.com,X,
danieapp.next.airbnb.com,X,
skywalker.us.isit.airbnb.com,X,
405148bf.inst.aws.airbnb.com,X,
nmoodle.next.airbnb.com,X,
i-01062d8064435ad46.inst.aws.airbnb.com,X,
q.next.airbnb.com,X,
ghost.new.next.airbnb.com,X,
mature.p2p.next.airbnb.com,X,
npub.next.airbnb.com,X,
i-00d0683122fd3583c.inst.aws.airbnb.com,X,
prototype-next.airbnb.com,X,
heartful-travel-com.mystique.next.airbnb.com,X,
jobs.next.airbnb.com,X,
shifa.moodle.next.airbnb.com,X,
i-01d296cba5cacb7b4.inst.aws.airbnb.com,X,
ytuu.rkai.next.airbnb.com,X,
webhook.next.airbnb.com,X,
dev5.launchpad.airbnb.com,X,
i-029efe31467d4606c.inst.aws.airbnb.com,X,
rtpe-euwest1-01.iac-dev.airbnb.com,X,
zuul-ws.canary.airbnb.com,X,
i49.dev.next.airbnb.com,X,
winnie.merchdirect.next.airbnb.com,X,
convex.airbnb.com,X,
kaseya.new.next.airbnb.com,X,
i-0d572ccbff97b3adb.inst.aws.airbnb.com,X,
auth.next.airbnb.com,X,
maxlim.kb.next.airbnb.com,X,
nicaragua.new.next.airbnb.com,X,
editorial.next.airbnb.com,X,
signin.next.airbnb.com,X,
okta.next.airbnb.com,X,
aichi.optustvnow.next.airbnb.com,X,
beta.next.airbnb.com,X,
i-0aa3d16b89b74b0f1.inst.aws.airbnb.com,X,
rto.moodle.next.airbnb.com,X,
wamp.uat.next.airbnb.com,X,
zubin.dev.next.airbnb.com,X,
charon.aws.airbnb.com,X,
hi.airbnb.com,X,
ko.airbnb.com,X,
jeje.new.next.airbnb.com,X,
i-05fda88b6f224c258.inst.aws.airbnb.com,X,
es-l.airbnb.com,X,
liveupdate.next.airbnb.com,X,
chj.evd.next.airbnb.com,X,
img1.use1qacomboweb01.aws.inst.airbnb.com,X,
bnx.qa.next.airbnb.com,X,
ga.next.airbnb.com,X,
mi6.evd.next.airbnb.com,X,
i-0cf0e5b260b0d4408.inst.aws.airbnb.com,X,
wiki.next.airbnb.com,X,
hangahokkaido-com.mail33.next.airbnb.com,X,
awsdashboard.next.airbnb.com,X,
art2.p2p.next.airbnb.com,X,
sare.dev.next.airbnb.com,X,
eric.1.next.airbnb.com,X,
o4.email.airbnb.com,X,
no.m.airbnb.com,X,
lyf.airbnb.com,X,
rx.next.airbnb.com,X,
api.dev.airbnb.com,X,
balint.p2p.next.airbnb.com,X,
tse.dev.next.airbnb.com,X,
pdu6.blast2s.next.airbnb.com,X,
talos.airbnb.com,X,
blast2s.next.airbnb.com,X,
refurbishadmin.merchdirect.next.airbnb.com,X,
keyword.new.next.airbnb.com,X,
prototype.admin-lite-next.airbnb.com,X,
icepeach.1.next.airbnb.com,X,
gui.next.airbnb.com,X,
el.airbnb.com,X,
hanif.dev.next.airbnb.com,X,
i-09096cc791dbdd097.inst.aws.airbnb.com,X,
gws-rds-external-readonly-uat.next.airbnb.com,X,
empresa.optustvnow.next.airbnb.com,X,
click.next.airbnb.com,X,
gws-uat.next.airbnb.com,X,
i-f42b3aa7.inst.aws.airbnb.com,X,
enterprise.new.next.airbnb.com,X,
sssssss.express.next.airbnb.com,X,
ardbeg.info.next.airbnb.com,X,
yoda.aws.airbnb.com,X,
origin-www-cnprod.airbnb.com,X,
i-09913257415a2fde7.inst.aws.airbnb.com,X,
bowlingadmin.evd.next.airbnb.com,X,
mysql.next.airbnb.com,X,
joni.uk.next.airbnb.com,X,
yamashiro-onsen-com.uat.next.airbnb.com,X,
rtpe-euwest1-01.iac.airbnb.com,X,
state.optustvnow.next.airbnb.com,X,
obamaharumi.dev.next.airbnb.com,X,
nrrxvddvzll9uvt.aws.inst.airbnb.com,X,
nova.airbnb.com,X,
af.airbnb.com,X,
admin.qa01.aws.inst.airbnb.com,X,
media.router.fp6.canary.airbnb.com,X,
i-0f4893966331999e4.inst.aws.airbnb.com,X,
media-ncache4.canary.airbnb.com,X,
zxx.express.next.airbnb.com,X,
coronav1.canary.airbnb.com,X,
i-0853b0fbb5b27220e.inst.aws.airbnb.com,X,
eris.aws.airbnb.com,X,
nfraud.next.airbnb.com,X,
s9.t.airbnb.com,X,
i-0cb59601598d082bc.inst.aws.airbnb.com,X,
admin.airbnb.com,X,
ks-program-api.next.airbnb.com,X,
origin.next.airbnb.com,X,
themis.aws.airbnb.com,X,
ugc.abuse.next.airbnb.com,X,
media-ncache-fp1.canary.airbnb.com,X,
instwww.next.airbnb.com,X,
finance.optustvnow.next.airbnb.com,X,
exchange.next.airbnb.com,X,
apwww.next.airbnb.com,X,
i-0a6c44007f4340ed8.inst.aws.airbnb.com,X,
vendor-api.next.airbnb.com,X,
s.airbnb.com,X,
learnenglish.mail33.next.airbnb.com,X,
prototype.admin-staging.airbnb.com,X,
hit.moodle.next.airbnb.com,X,
api.airbnb.com,X,
i-032d2ae5af74f9692.inst.aws.airbnb.com,X,
mx1.next.airbnb.com,X,
fastly.airbnb.com,X,
ar.airbnb.com,X,
0.next.airbnb.com,X,
el-covid19-service.next.airbnb.com,X,
invenio.next.airbnb.com,X,
ncdn.next.airbnb.com,X,
gaia-next.aws.airbnb.com,X,
iackam-uswest2.iac.airbnb.com,X,
id.next.airbnb.com,X,
historymedrenpre.dev.next.airbnb.com,X,
tower.airbnb.com,X,
rainbownature.optustvnow.next.airbnb.com,X,
zh-t.m.airbnb.com,X,
snake.evd.next.airbnb.com,X,
download.next.airbnb.com,X,
i-01ce7de44260bc639.inst.aws.airbnb.com,X,
rtpe-euwest1-03.iac.airbnb.com,X,
i-0b15e9ae5b25f9f7c.inst.aws.airbnb.com,X,
jubjub-asia.optustvnow.next.airbnb.com,X,
vendors.next.airbnb.com,X,
i-0d9e9d360c6d6bae2.inst.aws.airbnb.com,X,
cveapi.next.airbnb.com,X,
basic-nodejs-dev.next.airbnb.com,X,
nginx.next.airbnb.com,X,
mta.mail.airbnb.com,X,
replay.vidyo.airbnb.com,X,
morrow.mail35.next.airbnb.com,X,
huhu.pictures.next.airbnb.com,X,
tl-covid19-billing.next.airbnb.com,X,
patchwork.next.airbnb.com,X,
zu.airbnb.com,X,
ppls.uk.next.airbnb.com,X,
citrix.next.airbnb.com,X,
o12.email.airbnb.com,X,
tellus.mail35.next.airbnb.com,X,
owa.next.airbnb.com,X,
mala3eb.optustvnow.next.airbnb.com,X,
c105a63f.inst.aws.airbnb.com,X,
selfemployed.canary.airbnb.com,X,
rtpe-uswest2-02.iac.airbnb.com,X,
akamai-test.airbnb.com,X,
i-0f1f4800516ba7cdb.inst.aws.airbnb.com,X,
corp.airbnb.com,X,
talos-canary.aws.airbnb.com,X,
o29.email.airbnb.com,X,
fd64504c.inst.aws.airbnb.com,X,
dev.next.airbnb.com,X,
gollum.dev.next.airbnb.com,X,
gi14.optustvnow.next.airbnb.com,X,
vols.evd.next.airbnb.com,X,
assets.airbnb.com,X,
nuser.next.airbnb.com,X,
roambi.airbnb.com,X,
gocmsstaging.aws.inst.airbnb.com,X,
i-0273e8d140d6586d6.inst.aws.airbnb.com,X,
collector.galileo.next.airbnb.com,X,
codis.airbnb.com,X,
o9.email.airbnb.com,X,
microsites-mainframe.aws.airbnb.com,X,
o15.email.airbnb.com,X,
ww1.next.airbnb.com,X,
sk.airbnb.com,X,
mailserver.next.airbnb.com,X,
i-0e075db330cd2aaa9.inst.aws.airbnb.com,X,
ws.staging.airbnb.com,X,
scg-pub.apiwww.next.airbnb.com,X,
o30.email.airbnb.com,X,
httpbin.next.airbnb.com,X,
platform.airbnb.com,X,
cloudmonitor.airbnb.com,X,
i-0a5ac4ac673a1c876.inst.aws.airbnb.com,X,
i-07d9f2e6.inst.aws.airbnb.com,X,
axon.aws.airbnb.com,X,
sip-capture-uswest2.iac-dev.airbnb.com,X,
media-router-fp5.canary.airbnb.com,X,
vel.next.airbnb.com,X,
servers.next.airbnb.com,X,
en.airbnb.com,X,
ike.mystique.next.airbnb.com,X,
rage.1.next.airbnb.com,X,
lv.airbnb.com,X,
old.next.airbnb.com,X,
dns2.next.airbnb.com,X,
i-0db778ff70c98d043.inst.aws.airbnb.com,X,
i-05cc0c2be85946937.inst.aws.airbnb.com,X,
support.airbnb.com,X,
ns1.next.airbnb.com,X,
dev.staging.airbnb.com,X,
balaji.uk.next.airbnb.com,X,
media-router5.canary.airbnb.com,X,
tl-region-covid19.next.airbnb.com,X,
p2p.next.airbnb.com,X,
i-04a0d480.inst.aws.airbnb.com,X,
nv1.next.airbnb.com,X,
huoceania-covid19.next.airbnb.com,X,
neditorial.next.airbnb.com,X,
aeon-test-03.aws.airbnb.com,X,
images.next.airbnb.com,X,
api.preprod.airbnb.com,X,
eventhorizon.dev.next.airbnb.com,X,
cnr.airbnb.com,X,
i-0b05d7d30211b832c.inst.aws.airbnb.com,X,
ganesh-staging.aws.airbnb.com,X,
spf1.airbnb.com,X,
zh-t.airbnb.com,X,
serveur.1.next.airbnb.com,X,
i.canary.airbnb.com,X,
k-go-biz.ci.next.airbnb.com,X,
wmozart.mail35.next.airbnb.com,X,
i-05c5e7bc4b93a3c79.inst.aws.airbnb.com,X,
i-0c3be19202d403416.inst.aws.airbnb.com,X,
origin-api-cnprod.airbnb.com,X,
help.next.airbnb.com,X,
tablo.1.next.airbnb.com,X,
headquarters.airbnb.com,X,
staging.aws.inst.airbnb.com,X,
bb9.pictures.next.airbnb.com,X,
playground.optustvnow.next.airbnb.com,X,
i-03634a4adfaf04ed6.inst.aws.airbnb.com,X,
launchpad.airbnb.com,X,
corona.canary.airbnb.com,X,
gcom-product-find-qa.next.airbnb.com,X,
fastly-dev.airbnb.com,X,
i-0d058db67cef38c4f.inst.aws.airbnb.com,X,
coolweb.1.next.airbnb.com,X,
origin-api-cn.airbnb.com,X,
x86.moodle.next.airbnb.com,X,
pop3.next.airbnb.com,X,
i-0eecc0e18dfec5557.inst.aws.airbnb.com,X,
vinusman.new.next.airbnb.com,X,
desdemona.new.next.airbnb.com,X,
info.next.airbnb.com,X,
i-0cb6102918fb21f3e.inst.aws.airbnb.com,X,
localhostapi.next.airbnb.com,X,
yamamoto.uk.next.airbnb.com,X,
developer.airbnb.com,X,
i-0198ecf057015a0ef.inst.aws.airbnb.com,X,
next-branch.airbnb.com,X,
staging.next.airbnb.com,X,
kerala.pictures.next.airbnb.com,X,
img1.qa01.aws.inst.airbnb.com,X,
brighton.optustvnow.next.airbnb.com,X,
cim-data-quality-qa.next.airbnb.com,X,
mendeddrum.evd.next.airbnb.com,X,
uk.test.next.airbnb.com,X,
i-0d8d4a48c50cfbc2d.inst.aws.airbnb.com,X,
guidebook.aws.airbnb.com,X,
be.mail35.next.airbnb.com,X,
i-73a2e9f2.inst.aws.airbnb.com,X,
hu-region-covid19.next.airbnb.com,X,
intern.mail33.next.airbnb.com,X,
code.next.airbnb.com,X,
i-0453067c64e65cd56.inst.aws.airbnb.com,X,
office.next.airbnb.com,X,
beloved.ci.next.airbnb.com,X,
hens77.cspi.next.airbnb.com,X,
nikorinoie-com.moodle.next.airbnb.com,X,
www4.airbnb.com,X,
fs8.dev.next.airbnb.com,X,
divoff82.apiwww.next.airbnb.com,X,
quantumcomputer.next.airbnb.com,X,
tower-next.airbnb.com,X,
grafana.iac-dev.airbnb.com,X,
nnew.next.airbnb.com,X,
prod1.res.next.airbnb.com,X,
autodiscover.dev.airbnb.com,X,
i-001d035915f166f31.inst.aws.airbnb.com,X,
img.next.airbnb.com,X,
o28.email.airbnb.com,X,
nde.prod.next.airbnb.com,X,
i-0e030d55623400a9c.inst.aws.airbnb.com,X,
zimbra.evd.next.airbnb.com,X,
web98.dev.next.airbnb.com,X,
ip.next.airbnb.com,X,
i-0d0ceceb92555e0c8.inst.aws.airbnb.com,X,
resources.qa01.aws.inst.airbnb.com,X,
frwww.airbnb.com,X,
bockhan1.moodle.next.airbnb.com,X,
i-c105a63f.inst.aws.airbnb.com,X,
maza.blast2s.next.airbnb.com,X,
masterman.merchdirect.next.airbnb.com,X,
ed.airbnb.com,X,
edge.next.airbnb.com,X,
rtpe-uswest2-04.iac.airbnb.com,X,
skybell.adapter.next.airbnb.com,X,
gac-rds-external-readonly-preprod.next.airbnb.com,X,
rtpe-uswest2-01.iac.airbnb.com,X,
voiceapp-xsrvjp.moodle.next.airbnb.com,X,
i-0dad22164ec77b85f.inst.aws.airbnb.com,X,
next.airbnb.com,X,
media.router.fp1.canary.airbnb.com,X,
nodejs.next.airbnb.com,X,
buyshock.pictures.next.airbnb.com,X,
mosh.mystique.next.airbnb.com,X,
he.airbnb.com,X,
mail31.next.airbnb.com,X,
larue.next.airbnb.com,X,
vistyle.evd.next.airbnb.com,X,
pino.merchdirect.next.airbnb.com,X,
api.aws.inst.airbnb.com,X,
covid19nov.next.airbnb.com,X,
ewww.airbnb.com,X,
xx.airbnb.com,X,
mail21.next.airbnb.com,X,
idprofile-covid19.next.airbnb.com,X,
inst.next.airbnb.com,X,
kubernetes.next.airbnb.com,X,
prototype.admin-lite-staging.airbnb.com,X,
mongo.next.airbnb.com,X,
merchdirect.next.airbnb.com,X,
stats.next.airbnb.com,X,
int.next.airbnb.com,X,
media.router7.canary.airbnb.com,X,
ns3.next.airbnb.com,X,
user.next.airbnb.com,X,
api.localhost.airbnb.comapi.next.airbnb.com,X,
bastion.aws.airbnb.com,X,
tls.next.airbnb.com,X,
prototype.admin.airbnb.com,X,
angela.new.next.airbnb.com,X,
seahorse.mail33.next.airbnb.com,X,
uat.next.airbnb.com,X,
media.ncache1.canary.airbnb.com,X,
members.next.airbnb.com,X,
i-019188d9740124e46.inst.aws.airbnb.com,X,
prototype-internal-next.airbnb.com,X,
forums.next.airbnb.com,X,
shift-next.aws.airbnb.com,X,
i-0eb2ba48efe1c9975.inst.aws.airbnb.com,X,
media-ncache3.canary.airbnb.com,X,
fr.m.airbnb.com,X,
users.mail33.next.airbnb.com,X,
i-0d351e3f57440f0a5.inst.aws.airbnb.com,X,
i-0167887ee7ba50d1d.inst.aws.airbnb.com,X,
img5.airbnb.com,X,
knowledgemanagement.next.airbnb.com,X,
i-0a17e831d42420da5.inst.aws.airbnb.com,X,
flagship.merchdirect.next.airbnb.com,X,
zh.m.airbnb.com,X,
i-0985d8eb3275ad96a.inst.aws.airbnb.com,X,
gws.next.airbnb.com,X,
worldsoccerpre.new.next.airbnb.com,X,
pubsafe.canary.airbnb.com,X,
i-046fc0a7369a64d33.inst.aws.airbnb.com,X,
santalucia.moodle.next.airbnb.com,X,
prototype.admin-next.airbnb.com,X,
admin-next.airbnb.com,X,
join.airbnb.com,X,
git.airbnb.com,X,
media-router7.canary.airbnb.com,X,
nuk.next.airbnb.com,X,
press.airbnb.com,X,
static.next.airbnb.com,X,
en.next.airbnb.com,X,
luce.evd.next.airbnb.com,X,
de.www.airbnb.com,X,
www.iackam-euwest1.iac-dev.airbnb.com,X,
media.router.fp3.canary.airbnb.com,X,
i-09dcdc52736db1aca.inst.aws.airbnb.com,X,
docker.next.airbnb.com,X,
it.trend.next.airbnb.com,X,
o27.email.airbnb.com,X,
mimosa.evd.next.airbnb.com,X,
db08.dev.next.airbnb.com,X,
w.airbnb.com,X,
basic.next.airbnb.com,X,
i-0b55e6285cc758d4a.inst.aws.airbnb.com,X,
i-0ca08a3eb2aa6b340.inst.aws.airbnb.com,X,
us-east.next.airbnb.com,X,
vpn.next.airbnb.com,X,
thpz2uq4el8n1s73g.aws.inst.airbnb.com,X,
nerds.airbnb.com,X,
cam.next.airbnb.com,X,
open.airbnb.com,X,
webback02.moodle.next.airbnb.com,X,
charon-elb.airbnb.com,X,
lcy.evd.next.airbnb.com,X,
i-0df09f257516fa49d.inst.aws.airbnb.com,X,
i-059297a7ef26d41bb.inst.aws.airbnb.com,X,
admin-lite.airbnb.com,X,
internal.next.airbnb.com,X,
marylucia.new.next.airbnb.com,X,
o35.email.airbnb.com,X,
joyent.airbnb.com,X,
l20.dub.ir.airbnb.com,X,
laptop.merchdirect.next.airbnb.com,X,
sriram.evd.next.airbnb.com,X,
cim-geo-dev.next.airbnb.com,X,
wfm-service.next.airbnb.com,X,
i-0b7b1a82076081daa.inst.aws.airbnb.com,X,
syn.evd.next.airbnb.com,X,
i-06f27d9d7d392f250.inst.aws.airbnb.com,X,
ns2.next.airbnb.com,X,
assets.next.airbnb.com,X,
i-05beb6c469c2d9a18.inst.aws.airbnb.com,X,
docworks.mail33.next.airbnb.com,X,
saemartd2.dev.next.airbnb.com,X,
out.qa01.aws.inst.airbnb.com,X,
aamk.admin-lite-next.airbnb.com,X,
elastic.next.airbnb.com,X,
nmail28.next.airbnb.com,X,
zh-t-apicovid19.next.airbnb.com,X,
region-covid19.next.airbnb.com,X,
i-05aa537d838c0740c.inst.aws.airbnb.com,X,
nodejs-dev.next.airbnb.com,X,
postit.new.next.airbnb.com,X,
sakura-cosme-com.dev.next.airbnb.com,X,
ams5.canary.airbnb.com,X,
ntest.next.airbnb.com,X,
de.airbnb.com,X,
mobi.evd.next.airbnb.com,X,
bulletin.next.airbnb.com,X,
i-0ec292bd9d32c9ed1.inst.aws.airbnb.com,X,
rtpe-euwest1-03.iac-dev.airbnb.com,X,
support.next.airbnb.com,X,
07d9f2e6.inst.aws.airbnb.com,X,
es.m.airbnb.com,X,
0db778ff70c98d043.inst.aws.airbnb.com,X,
napoleon.sip.airbnb.com,X,
ucnownet3.moodle.next.airbnb.com,X,
rtpe-euwest1-05.iac.airbnb.com,X,
timesheets.dev.next.airbnb.com,X,
server.next.airbnb.com,X,
blogs.next.airbnb.com,X,
databassano.evd.next.airbnb.com,X,
rtpe-uswest2-01.iac-dev.airbnb.com,X,
i-011db11be615c0476.inst.aws.airbnb.com,X,
riposte-cc.airbnb.com,X,
users.pictures.next.airbnb.com,X,
sq.airbnb.com,X,
ci.next.airbnb.com,X,
pop.next.airbnb.com,X,
omgpro.airbnb.com,X,
covid19elasticbeanstalk-el.next.airbnb.com,X,
i-022d340c86d3e6cb2.inst.aws.airbnb.com,X,
i-0fd4f2c39b0ce9d43.inst.aws.airbnb.com,X,
fastly-test.airbnb.com,X,
wolfe.merchdirect.next.airbnb.com,X,
peritus.cspi.next.airbnb.com,X,
blast2s-next.airbnb.com,X,
sl.airbnb.com,X,
jira.airbnb.com,X,
origin-www.airbnb.com,X,
i-0110239b2d3ce6601.inst.aws.airbnb.com,X,
i-0c49d9de.inst.aws.airbnb.com,X,
www.homer.iac-dev.airbnb.com,X,
fatsoma.next.airbnb.com,X,
i-0581e420033d248cf.inst.aws.airbnb.com,X,
tfs3itiqzt9btjr5wiybqt.aws.inst.airbnb.com,X,
lt.airbnb.com,X,
hwcdn-covid19hu.next.airbnb.com,X,
9covid19-el.next.airbnb.com,X,
nresources.qa01.aws.inst.airbnb.com,X,
cloud.mail.airbnb.com,X,
new.next.airbnb.com,X,
fr.airbnb.com,X,
atlas-test-1.aws.airbnb.com,X,
hypernova-test.aws.airbnb.com,X,
geuxer1.dev.next.airbnb.com,X,
ks-invoice-api.next.airbnb.com,X,
media.router.fp2.canary.airbnb.com,X,
api.next.airbnb.com,X,
uk.airbnb.com,X,
api-fastly-staging.airbnb.com,X,
api.localhostapi.next.airbnb.com,X,
i-0cf32c371be4834fa.inst.aws.airbnb.com,X,
o3.email.airbnb.com,X,
hypernova.aws.airbnb.com,X,
beach.optustvnow.next.airbnb.com,X,
ners.airbnb.com,X,
libmail.optustvnow.next.airbnb.com,X,
i-04e9c5bdcd1b66e00.inst.aws.airbnb.com,X,
o23.email.airbnb.com,X,
localhost.airbnb.com,X,
i-0d5bfbde5a4240f93.inst.aws.airbnb.com,X,
rikunabi.next.airbnb.com,X,
i-0db159422167f1d0a.inst.aws.airbnb.com,X,
de.prod.next.airbnb.com,X,
i-030b8dca1fa2cf5c9.inst.aws.airbnb.com,X,
a.next.airbnb.com,X,
prototype-internal.airbnb.com,X,
cim-api-dev.next.airbnb.com,X,
mssql.next.airbnb.com,X,
iw.airbnb.com,X,
costech-xsrvjp.pictures.next.airbnb.com,X,
guard.1.next.airbnb.com,X,
tpe.covid19demo-id.next.airbnb.com,X,
tv.airbnb.com,X,
web.airbnb.com,X,
hu.airbnb.com,X,
tse04.dev.next.airbnb.com,X,
hr.airbnb.com,X,
i-0693180e9f74b0acb.inst.aws.airbnb.com,X,
pre-prod.next.airbnb.com,X,
sslvpn.next.airbnb.com,X,
origin-events.airbnb.com,X,
i-074ff21c33e54e3ef.inst.aws.airbnb.com,X,
cskcs.new.next.airbnb.com,X,
wwww.airbnb.com,X,
ministryofsound.merchdirect.next.airbnb.com,X,
i-0627e4ad2da460b44.inst.aws.airbnb.com,X,
management.moodle.next.airbnb.com,X,
comapi.next.airbnb.com,X,
hypnos.aws.airbnb.com,X,
mail35.next.airbnb.com,X,
9vou879mlly6603rqd9p1q.https.dev.aws.inst.airbnb.com,X,
mypopcase.mail31.next.airbnb.com,X,
uk-test.next.airbnb.com,X,
charon-test.aws.airbnb.com,X,
davywavy.instwww.next.airbnb.com,X,
nlux.next.airbnb.com,X,
i-058661742c8e42025.inst.aws.airbnb.com,X,
featurev3.https.dev.aws.inst.airbnb.com,X,
publishing-catalog.next.airbnb.com,X,
flexakorea1.moodle.next.airbnb.com,X,
i-04849b2b703081d0d.inst.aws.airbnb.com,X,
fr.www.airbnb.com,X,
hu.next.airbnb.com,X,
useast.next.airbnb.com,X,
ks-vendingtransactions-mq4.next.airbnb.com,X,
forum.canary.airbnb.com,X,
video.next.airbnb.com,X,
shca.optustvnow.next.airbnb.com,X,
api-www.next.airbnb.com,X,
gitlab.next.airbnb.com,X,
check.next.airbnb.com,X,
pub.next.airbnb.com,X,
api.www.next.airbnb.com,X,
i-0cedccfb639f01bd7.inst.aws.airbnb.com,X,
eggplant-test.aws.airbnb.com,X,
cdn.next.airbnb.com,X,
media.ncache.fp5.canary.airbnb.com,X,
xxmix.airbnb.com,X,
i-092ab30afb836581a.inst.aws.airbnb.com,X,
hy.airbnb.com,X,
investors.airbnb.com,X,
origin-www-cn.airbnb.com,X,
media-router4.canary.airbnb.com,X,
skyteam7.catalog.next.airbnb.com,X,
my.next.airbnb.com,X,
moloch.new.next.airbnb.com,X,
stargirl.ci.next.airbnb.com,X,
mail11.next.airbnb.com,X,
publishing-preview.next.airbnb.com,X,
it.next.airbnb.com,X,
lumen.airbnb.com,X,
karma-demo.aws.airbnb.com,X,
riposte.aws.airbnb.com,X,
one.airbnb.com,X,
dogfood-dev.next.airbnb.com,X,
cim-api-uat.next.airbnb.com,X,
gws-api-sandbox.next.airbnb.com,X,
np2p.next.airbnb.com,X,
mononoke.dev.next.airbnb.com,X,
i-0f01fd626dfe381e8.inst.aws.airbnb.com,X,
server1.next.airbnb.com,X,
cdq-api.next.airbnb.com,X,
en.localhost.airbnb.com,X,
iackam-euwest1.iac.airbnb.com,X,
whois.next.airbnb.com,X,
i-0eb0e5526d56a2f9c.inst.aws.airbnb.com,X,
iackamload-euwest1.iac-dev.airbnb.com,X,
video.airbnb.com,X,
i-017edc5d89c23cba9.inst.aws.airbnb.com,X,
ganesh-demo.aws.airbnb.com,X,
paintballpre.moodle.next.airbnb.com,X,
www.iackam-uswest2.iac-dev.airbnb.com,X,
sungyeon.mystique.next.airbnb.com,X,
7dtkukab0ew44aad57d29m.aws.inst.airbnb.com,X,
store.next.airbnb.com,X,
i-0b5006144f9d34667.inst.aws.airbnb.com,X,
pictures.next.airbnb.com,X,
mylure.mystique.next.airbnb.com,X,
lamis.rkai.next.airbnb.com,X,
frontend.prod.next.airbnb.com,X,
spf.next.airbnb.com,X,
i-079a6eca314849bb9.inst.aws.airbnb.com,X,
nwebforward.next.airbnb.com,X,
amigas.evd.next.airbnb.com,X,
protools.airbnb.com,X,
manager.next.airbnb.com,X,
nweb1.next.airbnb.com,X,
donat.p2p.next.airbnb.com,X,
img.use1qacomboweb01.aws.inst.airbnb.com,X,
media-ncache-fp4.canary.airbnb.com,X,
sip.next.airbnb.com,X,
support-api.airbnb.com,X,
b2s22yvyrimaysugevc641ns.aws.inst.airbnb.com,X,
ipaynicekuma4.mystique.next.airbnb.com,X,
longtail-seo-jp.new.next.airbnb.com,X,
mx2.next.airbnb.com,X,
media-ncache2.canary.airbnb.com,X,
mobile-rest.next.airbnb.com,X,
lm.next.airbnb.com,X,
osman.optustvnow.next.airbnb.com,X,
xx.m.airbnb.com,X,
i-00da8845d53a02112.inst.aws.airbnb.com,X,
airbnb.com,X,
i-035a7d3777a74214d.inst.aws.airbnb.com,X,
ftpbackup.optustvnow.next.airbnb.com,X,
i-0adccc7f1f4377d83.inst.aws.airbnb.com,X,
lux.next.airbnb.com,X,
ru.airbnb.com,X,
logs.next.airbnb.com,X,
statsd.airbnb.com,X,
apply.canary.airbnb.com,X,
quiltvalley.optustvnow.next.airbnb.com,X,
sso.next.airbnb.com,X,
gcom-product-find-dev.next.airbnb.com,X,
admin.dev.staging.airbnb.com,X,
nzh-t.next.airbnb.com,X,
metrics.next.airbnb.com,X,
lantern-staging.airbnb.com,X,
res.next.airbnb.com,X,
outlook.next.airbnb.com,X,
mail26.next.airbnb.com,X,
venus-cron.aws.airbnb.com,X,
antiviruspre.dev.next.airbnb.com,X,
rkai.next.airbnb.com,X,
cloud.next.airbnb.com,X,
mail28.next.airbnb.com,X,
pl.airbnb.com,X,
view.mail.airbnb.com,X,
airbnb.comapi.next.airbnb.com,X,
nebula-controller-test.aws.airbnb.com,X,
th.next.airbnb.com,X,
i-0a25858aa3b93950b.inst.aws.airbnb.com,X,
ngdo.next.airbnb.com,X,
mobilepre.optustvnow.next.airbnb.com,X,
i-040f2939ac67217f7.inst.aws.airbnb.com,X,
cpanel.next.airbnb.com,X,
api-fastly.airbnb.com,X,
o16.email.airbnb.com,X,
monitorizacion.new.next.airbnb.com,X,
mdm.next.airbnb.com,X,
python.blast2s.next.airbnb.com,X,
lux-demo.airbnb.com,X,
inbound.next.airbnb.com,X,
earth-t-jp.mystique.next.airbnb.com,X,
masterword.optustvnow.next.airbnb.com,X,
ivr.airbnb.com,X,
akamai.next.airbnb.com,X,
create.airbnb.com,X,
i-08405c08d93846d19.inst.aws.airbnb.com,X,
non-prod.next.airbnb.com,X,
ns.next.airbnb.com,X,
blue.optustvnow.next.airbnb.com,X,
mail33.next.airbnb.com,X,
i-0a9c78af22a179020.inst.aws.airbnb.com,X,
go.airbnb.com,X,
click.mail.airbnb.com,X,
users.cspi.next.airbnb.com,X,
mmedia.optustvnow.next.airbnb.com,X,
i-0bbf41b63a145a5f5.inst.aws.airbnb.com,X,
jatin.moodle.next.airbnb.com,X,
njenkins.aws.inst.airbnb.com,X,
i-0d1314e48f439e3b1.inst.aws.airbnb.com,X,
media-router10.canary.airbnb.com,X,
kazunori.info.next.airbnb.com,X,
optimize.next.airbnb.com,X,
i-028d4483c8f2caa78.inst.aws.airbnb.com,X,
i-0bad6f35808c46098.inst.aws.airbnb.com,X,
o11.email.airbnb.com,X,
i-048c571084bebdeba.inst.aws.airbnb.com,X,
i-093d7bf9a3fff4799.inst.aws.airbnb.com,X,
v20.fling.next.airbnb.com,X,
alexandria.airbnb.com,X,
najme.moodle.next.airbnb.com,X,
freestyle.new.next.airbnb.com,X,
sip-capture-euwest1.iac.airbnb.com,X,
ioa.dev.next.airbnb.com,X,
the.next.airbnb.com,X,
no.airbnb.com,X,
portal.next.airbnb.com,X,
assets.evd.next.airbnb.com,X,
cnb.airbnb.com,X,
aws.inst.airbnb.com,X,
talos-staging.aws.airbnb.com,X,
mx.next.airbnb.com,X,
i-05e2c50af2f7c7d51.inst.aws.airbnb.com,X,
ahzlomall1.rkai.next.airbnb.com,X,
i-03492e22b638d1957.inst.aws.airbnb.com,X,
news.airbnb.com,X,
ns4.next.airbnb.com,X,
cgogol2.merchdirect.next.airbnb.com,X,
nm.next.airbnb.com,X,
10.el-covid19-service.next.airbnb.com,X,
dimension.next.airbnb.com,X,
omp.e.airbnb.com,X,
i-0a2d1015d3d4596e2.inst.aws.airbnb.com,X,
ogikubo-i-com.optustvnow.next.airbnb.com,X,
omptrans.e.airbnb.com,X,
ro.airbnb.com,X,
short.dev.next.airbnb.com,X,
collab.next.airbnb.com,X,
es.admin.airbnb.com,X,
i-0c839413d378e9401.inst.aws.airbnb.com,X,
statcont.next.airbnb.com,X,
webdisk.next.airbnb.com,X,
i-00a03ec31de75a22f.inst.aws.airbnb.com,X,
zh-cn.airbnb.com,X,
charon.airbnb.com,X,
ad-innosence-xsrvjp.apiwww.next.airbnb.com,X,
gws-dev.next.airbnb.com,X,
rtpe-euwest1-04.iac.airbnb.com,X,
santhosh.new.next.airbnb.com,X,
seedsman.dev.next.airbnb.com,X,
ks-limits-api.next.airbnb.com,X,
searchportal-qa.next.airbnb.com,X,
mmmobile.invenio.next.airbnb.com,X,
dnstest.blast2s.next.airbnb.com,X,
i-0509174271b3ab02a.inst.aws.airbnb.com,X,
login.airbnb.com,X,
fi.airbnb.com,X,
gi38admin.res.next.airbnb.com,X,
preview.next.airbnb.com,X,
i18n.next.airbnb.com,X,
box4.optimize.next.airbnb.com,X,
i-03f8dc8ade08d26e1.inst.aws.airbnb.com,X,
i-07deb355c6bfab33d.inst.aws.airbnb.com,X,
i-0982d0fe3a1fc7228.inst.aws.airbnb.com,X,
r.airbnb.com,X,
rpanel.next.airbnb.com,X,
zh.api.airbnb.com,X,
iac.airbnb.com,X,
dns.next.airbnb.com,X,
media-router-fp7.canary.airbnb.com,X,
boring.q.next.airbnb.com,X,
i-06a568ad6b19687bb.inst.aws.airbnb.com,X,
signup.next.airbnb.com,X,
i-05d11ddacddcafd13.inst.aws.airbnb.com,X,
tr.airbnb.com,X,
vbv.invenio.next.airbnb.com,X,
jamf.us.isit.airbnb.com,X,
origin-misc.airbnb.com,X,
stage.next.airbnb.com,X,
ka.airbnb.com,X,
i-097c30ae40c8ca8c4.inst.aws.airbnb.com,X,
neon.1.next.airbnb.com,X,
nlarue.next.airbnb.com,X,
oceania-covid19hu.next.airbnb.com,X,
starship.canary.airbnb.com,X,
it.airbnb.com,X,
ninvenio.next.airbnb.com,X,
api.admin.airbnb.com,X,
order.next.airbnb.com,X,
hawaii.moodle.next.airbnb.com,X,
husecuritycovid19.next.airbnb.com,X,
yellowpages.moodle.next.airbnb.com,X,
i-07af2aabe439e1c9b.inst.aws.airbnb.com,X,
publicpolicy.airbnb.com,X,
leemh77.optustvnow.next.airbnb.com,X,
origin-muscache.airbnb.com,X,
analytics.canary.airbnb.com,X,
dnm.next.airbnb.com,X,
api.canary.airbnb.com,X,
intl.merchdirect.next.airbnb.com,X,
lists.next.airbnb.com,X,
i-030e0d8255c1ae4a9.inst.aws.airbnb.com,X,
sv.airbnb.com,X,
pinnacle.merchdirect.next.airbnb.com,X,
maglite.airbnb.com,X,
lutron.adapter.next.airbnb.com,X,
npictures.next.airbnb.com,X,
3dadmin.moodle.next.airbnb.com,X,
m.airbnb.at,X,
lodee.evd.next.airbnb.com,X,
middleman.airbnb.com,X,
careers.airbnb.com,X,
burlingtonvtpre.optustvnow.next.airbnb.com,X,
cn.airbnb.com,X,
september1.new.next.airbnb.com,X,
springs.uat.next.airbnb.com,X,
i-00495da2c025d3d55.inst.aws.airbnb.com,X,
lumen-next.airbnb.com,X,
iac-dev.airbnb.com,X,
o8.email.airbnb.com,X,
o20.email.airbnb.com,X,
searchportal.next.airbnb.com,X,
rtpe-uswest2-03.iac.airbnb.com,X,
s1intkthkira.optustvnow.next.airbnb.com,X,
tl.m.airbnb.com,X,
is.m.airbnb.com,X,
news.next.airbnb.com,X,
rtpe-euwest1-05.iac-dev.airbnb.com,X,
beispiel.admin-lite-next.airbnb.com,X,
cuckoo.aws.airbnb.com,X,
naira.mail31.next.airbnb.com,X,
eym-xsrvjp.info.next.airbnb.com,X,
cvc-test.aws.airbnb.com,X,
o26.email.airbnb.com,X,
ks-inventory-api.next.airbnb.com,X,
mk.airbnb.com,X,
7.tl-covid19demo.next.airbnb.com,X,
o1.email.airbnb.com,X,
i-fd64504c.inst.aws.airbnb.com,X,
cs.airbnb.com,X,
www.support.airbnb.com,X,
akamai-test.next.airbnb.com,X,
ntenshokuknowhow.next.airbnb.com,X,
admin-staging.airbnb.com,X,
wordpress.next.airbnb.com,X,
sr.airbnb.com,X,
ssl.next.airbnb.com,X,
web.next.airbnb.com,X,
blast2s.airbnb.com,X,
bounce.work.airbnb.com,X,
i-066174ae9fcce7db9.inst.aws.airbnb.com,X,
i-0ae11f7b47736a284.inst.aws.airbnb.com,X,
fluffy.aws.airbnb.com,X,
250.t.airbnb.com,X,
ws.next.airbnb.com,X,
webdevsladmin.evd.next.airbnb.com,X,
romeo.optustvnow.next.airbnb.com,X,
ml.next.airbnb.com,X,
localhost.admin.airbnb.com,X,
i-405148bf.inst.aws.airbnb.com,X,
collector1qa.optustvnow.next.airbnb.com,X,
pt.airbnb.com,X,
cert.next.airbnb.com,X,
chamberlain.adapter.next.airbnb.com,X,
media-router-fp8.canary.airbnb.com,X,
i-0663e2d14582127fb.inst.aws.airbnb.com,X,
i-0d5354240688b19c2.inst.aws.airbnb.com,X,
i-01bfded81ce1d0f35.inst.aws.airbnb.com,X,
i-053364359026f7638.inst.aws.airbnb.com,X,
panicdisorderadmin.rkai.next.airbnb.com,X,
i-05c77948367f3f8d4.inst.aws.airbnb.com,X,
nfling.next.airbnb.com,X,
i-013abc08a57bcd9cc.inst.aws.airbnb.com,X,
i-0143455cf213c99bf.inst.aws.airbnb.com,X,
works.pictures.next.airbnb.com,X,
web30.evd.next.airbnb.com,X,
login.next.airbnb.com,X,
media-router1.canary.airbnb.com,X,
i-05fcc711549a9be21.inst.aws.airbnb.com,X,
airsuite.next.airbnb.com,X,
presto.next.airbnb.com,X,
consul.next.airbnb.com,X,
geoffrey.rkai.next.airbnb.com,X,
nairsuite.next.airbnb.com,X,
ilove.m.next.airbnb.com,X,
tr-integration.airbnb.com,X,
webmail02.pictures.next.airbnb.com,X,
u-xeeny.aws.inst.airbnb.com,X,
possum.new.next.airbnb.com,X,
abas.p2p.next.airbnb.com,X,
okajima.instwww.next.airbnb.com,X,
i-04a3f08f29b95d1e4.inst.aws.airbnb.com,X,
i-0e292caf0aa063ab7.inst.aws.airbnb.com,X,
coronavi.canary.airbnb.com,X,
i-07fcef6528a1c9d93.inst.aws.airbnb.com,X,
ms.airbnb.com,X,
ipv6.next.airbnb.com,X,
i-d1094605.inst.aws.airbnb.com,X,
ccapi.next.airbnb.com,X,
voice.next.airbnb.com,X,
daybyday.new.next.airbnb.com,X,
codis-demo.airbnb.com,X,
o14.email.airbnb.com,X,
i-00862161202a1f9f0.inst.aws.airbnb.com,X,
qa1.next.airbnb.com,X,
nmail29.next.airbnb.com,X,
xx.next.airbnb.com,X,
ph.airbnb.com,X,
lima.moodle.next.airbnb.com,X,
upgrade.moodle.next.airbnb.com,X,
i-0a3cc3aa6b8b612b9.inst.aws.airbnb.com,X,
i-012b16cb48e9d6c3e.inst.aws.airbnb.com,X,
i-05a50a55d463148e1.inst.aws.airbnb.com,X,
mundoanime.rkai.next.airbnb.com,X,
o18.email.airbnb.com,X,
i-01462191c280abc77.inst.aws.airbnb.com,X,
i-ff24a7f1.inst.aws.airbnb.com,X,
i-07011d75fd414fbf2.inst.aws.airbnb.com,X,
i-01f628f9bc939f831.inst.aws.airbnb.com,X,
sitecore.next.airbnb.com,X,
kommunikation.moodle.next.airbnb.com,X,
sw.airbnb.com,X,
flame.sip.airbnb.com,X,
tickets.dev.next.airbnb.com,X,
i-03d3189ba041d2d94.inst.aws.airbnb.com,X,
nuk-int.next.airbnb.com,X,
rtpe-euwest1-02.iac-dev.airbnb.com,X,
nginx-newest1.next.airbnb.com,X,
newwave.pictures.next.airbnb.com,X,
73a2e9f2.inst.aws.airbnb.com,X,
ja.airbnb.com,X,
vidyo.airbnb.com,X,
middleman-next.airbnb.com,X,
blur.merchdirect.next.airbnb.com,X,
press.new.next.airbnb.com,X,
monicahair.merchdirect.next.airbnb.com,X,
constantin.mail31.next.airbnb.com,X,
ppls.evd.next.airbnb.com,X,
pre.next.airbnb.com,X,
origin-images.airbnb.com,X,
callbacks.airbnb.com,X,
cerberus.next.airbnb.com,X,
keishin-net-net.dev.next.airbnb.com,X,
ivr-next.airbnb.com,X,
i-026610658596b8b16.inst.aws.airbnb.com,X,
uptime.optustvnow.next.airbnb.com,X,
www2.next.airbnb.com,X,
prototype-internal-staging.airbnb.com,X,
ceqed.next.airbnb.com,X,
api-private.airbnb.com,X,
agencias.moodle.next.airbnb.com,X,
cspi.next.airbnb.com,X,
preprod.airbnb.com,X,
mail30.next.airbnb.com,X,
storybook.next.airbnb.com,X,
es.airbnb.com,X,
microsites-next.aws.airbnb.com,X,
i-0bb88e32f6fd3752a.inst.aws.airbnb.com,X,
tlcovid19-private.next.airbnb.com,X,
file.next.airbnb.com,X,
upload.airbnb.com,X,
nbeta.next.airbnb.com,X,
napi.www.next.airbnb.com,X,
i-0a7d8e437356c015f.inst.aws.airbnb.com,X,
i-0ade84737013d97e9.inst.aws.airbnb.com,X,
nkb.next.airbnb.com,X,
tsukumo-biz.kb.next.airbnb.com,X,
lantern.airbnb.com,X,
media-router9.canary.airbnb.com,X,
web1.next.airbnb.com,X,
ks-vendingtransactions-mq0.next.airbnb.com,X,
nebula-controller-general.aws.airbnb.com,X,
i-0a8f03132d92b1114.inst.aws.airbnb.com,X,
www.airbnb.com,X,
hu.m.airbnb.com,X,
shop.next.airbnb.com,X,
webclipart.ci.next.airbnb.com,X,
whm.next.airbnb.com,X,
web96.merchdirect.next.airbnb.com,X,
forum.next.airbnb.com,X,
xxkey.airbnb.com,X,
cp.next.airbnb.com,X,
renault.next.airbnb.com,X,
ru.next.airbnb.com,X,
evd.next.airbnb.com,X,
codis-next.airbnb.com,X,
leave.blast2s.next.airbnb.com,X,
www.iac-dev.airbnb.com,X,
imbgzhbnkizfnh5qiwu69ikb.https.dev.aws.inst.airbnb.com,X,
kaution.canary.airbnb.com,X,
chesspre.logs.next.airbnb.com,X,
dqbo.admin-next.airbnb.com,X,
internal.airbnb.com,X,
media-router2.canary.airbnb.com,X,
media-ncache1.canary.airbnb.com,X,
hananoki.instwww.next.airbnb.com,X,
i-0cbac54018bacd909.inst.aws.airbnb.com,X,
samara-test.airbnb.com,X,
client1.instwww.next.airbnb.com,X,
i-0999461d559dd841c.inst.aws.airbnb.com,X,
moorootr.merchdirect.next.airbnb.com,X,
isit.admin.airbnb.com,X,
fastly-staging.airbnb.com,X,
i-0557d9053a767af27.inst.aws.airbnb.com,X,
lm.ci.next.airbnb.com,X,
fls.admin.airbnb.com,X,
cipher-staging.aws.airbnb.com,X,
test.airbnb.com,X,
ans.rkai.next.airbnb.com,X,
dyn.next.airbnb.com,X,
ks-vendingtransactions-mq3.next.airbnb.com,X,
source3.merchdirect.next.airbnb.com,X,
cp14.cspi.next.airbnb.com,X,
somgulem1.optustvnow.next.airbnb.com,X,
lux.airbnb.com,X,
cerberus-test.aws.airbnb.com,X,
bnx.int.next.airbnb.com,X,
akamai-san63.exacttarget.com,X,
media-ncache-fp5.canary.airbnb.com,X,
server0.instwww.next.airbnb.com,X,
i-0df22424011fbfc5c.inst.aws.airbnb.com,X,
media-router-fp3.canary.airbnb.com,X,
minibird.mail31.next.airbnb.com,X,
merchandising-preview.next.airbnb.com,X,
ks5odncr8amjrg3d.aws.inst.airbnb.com,X,
dolores.mail33.next.airbnb.com,X,
media-router-fp1.canary.airbnb.com,X,
thanh.optustvnow.next.airbnb.com,X,
webcam.p2p.next.airbnb.com,X,
da.m.airbnb.com,X,
i-0923a3db56c329394.inst.aws.airbnb.com,X,
akrimnet.cspi.next.airbnb.com,X,
i-07179e50bac7992df.inst.aws.airbnb.com,X,
ws.airbnb.com,X,
test20.optustvnow.next.airbnb.com,X,
tl.next.airbnb.com,X,
sawhde-com.dev.next.airbnb.com,X,
designstory.res.next.airbnb.com,X,
compass.next.airbnb.com,X,
securitycovid19-zh-t.next.airbnb.com,X,
ga.airbnb.com,X,
dc.next.airbnb.com,X,
i-06406534d0a5acdf5.inst.aws.airbnb.com,X,
helpdesk.airbnb.com,X,
i-026b54c1c933e82c4.inst.aws.airbnb.com,X,
es.next.airbnb.com,X,
i-071d773348d9c4f35.inst.aws.airbnb.com,X,
one.dev.staging.airbnb.com,X,
th.airbnb.com,X,
styx.aws.airbnb.com,X,
nirwana.optustvnow.next.airbnb.com,X,
o31.email.airbnb.com,X,
ran.next.airbnb.com,X,
i-0480b41a99e729d06.inst.aws.airbnb.com,X,
march-covid19el.next.airbnb.com,X,
dev.aws.inst.airbnb.com,X,
i-01ffe4683f14e3edd.inst.aws.airbnb.com,X,
ctlfrlay.evd.next.airbnb.com,X,
wup.evd.next.airbnb.com,X,
builder.next.airbnb.com,X,
airwalkbag.ci.next.airbnb.com,X,
devthai.admin.airbnb.com,X,
i-0aaf7314a33e1c170.inst.aws.airbnb.com,X,
teo5xd9got3dmdq-zsx0fqob.aws.inst.airbnb.com,X,
akamai-staging.airbnb.com,X,
static.aws.inst.airbnb.com,X,
secure.next.airbnb.com,X,
sagelabs.admin.airbnb.com,X,
michaelkkors1.admin-next.airbnb.com,X,
proxy.next.airbnb.com,X,
sm.next.airbnb.com,X,
nfunctions.next.airbnb.com,X,
o17.email.airbnb.com,X,
7.tlcovid19-private.next.airbnb.com,X,
i-0916fbe4b48284d52.inst.aws.airbnb.com,X,
cname.next.airbnb.com,X,
i-0c87ce7f7a3612d30.inst.aws.airbnb.com,X,
0-tlcovid19-private.secure.admin.airbnb.com,X,
pages.mail.airbnb.com,X,
vl.1.next.airbnb.com,X,
i-00400c2c21cfaa0fd.inst.aws.airbnb.com,X,
smtp.next.airbnb.com,X,
styles-int.next.airbnb.com,X,
qa.canary.airbnb.com,X,
www1.next.airbnb.com,X,
comercio.evd.next.airbnb.com,X,
akamai-test-origin.next.airbnb.com,X,
mystique.next.airbnb.com,X,
bs.airbnb.com,X,
i-058d8c568ea48e01d.inst.aws.airbnb.com,X,
esxi05.dev.next.airbnb.com,X,
dev8.launchpad.airbnb.com,X,
q2.t.airbnb.com,X,
alex7.new.next.airbnb.com,X,
i-0241d4b5459c416eb.inst.aws.airbnb.com,X,
caraudiodc.blast2s.next.airbnb.com,X,
hibimarche-net.dev.next.airbnb.com,X,
sql.next.airbnb.com,X,
samira.mail33.next.airbnb.com,X,
ks-order-api.next.airbnb.com,X,
talos-staging.airbnb.com,X,
vip-testing.airbnb.com,X,
trauma1.uk.next.airbnb.com,X,
blog.airbnb.com,X,
tl.airbnb.com,X,
mail1.next.airbnb.com,X,
mail2.next.airbnb.com,X,
i-01d31e4277321d1d7.inst.aws.airbnb.com,X,
csc.uat.next.airbnb.com,X,
gdo.next.airbnb.com,X,
rockordie1.invenio.next.airbnb.com,X,
id-covid19-service.next.airbnb.com,X,
zh-t-covid19-billing.next.airbnb.com,X,
vendor.next.airbnb.com,X,
bubu.merchdirect.next.airbnb.com,X,
hostmaster.next.airbnb.com,X,
thanatos.aws.airbnb.com,X,
gw.next.airbnb.com,X,
andes.merchdirect.next.airbnb.com,X,
huang1qi2.new.next.airbnb.com,X,
csg.express.next.airbnb.com,X,
mm.cdn.airbnb.com,X,
home.next.airbnb.com,X,
us.isit.admin.airbnb.com,X,
o5.email.airbnb.com,X,
webforward.next.airbnb.com,X,
cerberus.airbnb.com,X,
k8s.next.airbnb.com,X,
greenmart21.optimize.next.airbnb.com,X,
akamai.airbnb.com,X,
election.canary.airbnb.com,X,
gbkh.new.next.airbnb.com,X,
talos.next.airbnb.com,X,
mail.next.airbnb.com,X,
sip-capture-uswest2.iac.airbnb.com,X,
media-ncache8.canary.airbnb.com,X,
vi.airbnb.com,X,
i-0a692be601f9d43ff.inst.aws.airbnb.com,X,
i-0abd0861e598c7f7d.inst.aws.airbnb.com,X,
hecate.aws.airbnb.com,X,
suntrust-srp.canary.airbnb.com,X,
pine.airbnb.com,X,
thenewage.mail33.next.airbnb.com,X,
el.covid19nov.next.airbnb.com,X,
api.localhost.airbnb.com,X,
0ms.optustvnow.next.airbnb.com,X,
ninstwww.next.airbnb.com,X,
www.airbnb.cn,X,
drjohn.1.next.airbnb.com,X,
zh.next.airbnb.com,X,
origin-images-s.airbnb.com,X,
weww.airbnb.com,X,
nginx-newest.next.airbnb.com,X,
users.uat.next.airbnb.com,X,
i-01be11c9319981b55.inst.aws.airbnb.com,X,
be1.next.airbnb.com,X,
i-0fbf9e168a3311443.inst.aws.airbnb.com,X,
i-00841dcd020d69149.inst.aws.airbnb.com,X,
quantumleben4.next.airbnb.com,X,
us.airbnb.com,X,
i-001431bf075a0bb87.inst.aws.airbnb.com,X,
pegasus-test.aws.airbnb.com,X,
i-0a5b2cad6d251a41a.inst.aws.airbnb.com,X,
ks-vendingtransactions-mq2.next.airbnb.com,X,
fraud.next.airbnb.com,X,
tpe.idprofile-covid19.next.airbnb.com,X,
prototype.airbnb.com,X,
nuat.next.airbnb.com,X,
translate.google.comtr.airbnb.com,X,
comp.rkai.next.airbnb.com,X,
malice.mystique.next.airbnb.com,X,
i-00ebdc0e3383adec3.inst.aws.airbnb.com,X,
fls-thai.admin.airbnb.com,X,
norbert.optimize.next.airbnb.com,X,
yangju.evd.next.airbnb.com,X,
gem.res.next.airbnb.com,X,
lux-next.airbnb.com,X,
chef.admin-lite.airbnb.com,X,
inst-www.next.airbnb.com,X,
wp.next.airbnb.com,X,
mail24.next.airbnb.com,X,
devel.next.airbnb.com,X,
sip-capture-euwest1.iac-dev.airbnb.com,X,
i-0472e3d3d4eb3038f.inst.aws.airbnb.com,X,
mail.airbnb.com,X,
fishbowl.mail33.next.airbnb.com,X,
cim-api.next.airbnb.com,X,
mail27.next.airbnb.com,X,
provincial.next.airbnb.com,X,
autodiscover.next.airbnb.com,X,
iackam-uswest2.iac-dev.airbnb.com,X,
id.airbnb.com,X,
i-043ce7815f6820f13.inst.aws.airbnb.com,X,
xxlong.airbnb.com,X,
guitarhero.pictures.next.airbnb.com,X,
ftp.next.airbnb.com,X,
fr.next.airbnb.com,X,
e.airbnb.com,X,
admin-lite-staging.airbnb.com,X,
waheed.merchdirect.next.airbnb.com,X,
jinx-covid19-id.next.airbnb.com,X,
engineering.airbnb.com,X,
cas02.dev.next.airbnb.com,X,
jenkins.aws.airbnb.com,X,
us-east-1.next.airbnb.com,X,
rtpe-euwest1-02.iac.airbnb.com,X,
o19.email.airbnb.com,X,
m.next.airbnb.com,X,
hu.region-covid19.next.airbnb.com,X,
i-02b3ce2fe3b3c8de9.inst.aws.airbnb.com,X,
i-0165024237f9c8bb7.inst.aws.airbnb.com,X,
be.airbnb.com,X,
pt.m.airbnb.com,X,
dev.admin.airbnb.com,X,
i-037ba97e058c60543.inst.aws.airbnb.com,X,
uk.int.next.airbnb.com,X,
ci.aws.inst.airbnb.com,X,
newpro.dev.next.airbnb.com,X,
ivr.next.airbnb.com,X,
blast2s-next.aws.airbnb.com,X,
o21.email.airbnb.com,X,
apiwww.next.airbnb.com,X,
o7.email.airbnb.com,X,
i-0088f25ff0bee5243.inst.aws.airbnb.com,X,
de.next.airbnb.com,X,
i.next.airbnb.com,X,
academy.next.airbnb.com,X,
covid19demo-id.next.airbnb.com,X,
i-0db625ce859e3c5ac.inst.aws.airbnb.com,X,
i-0cea9dfa13ebe9189.inst.aws.airbnb.com,X,
ovh1.dev.next.airbnb.com,X,
yoyo.aws.airbnb.com,X,
jenkins.aws.inst.airbnb.com,X,
i-97903911.inst.aws.airbnb.com,X,
public.airbnb.com,X,
pricing.airbnb.com,X,
10.covid19elasticbeanstalk-el.next.airbnb.com,X,
test47.dev.next.airbnb.com,X,
bg.airbnb.com,X,
o6.email.airbnb.com,X,
beyond.airbnb.com,X,
nmedia-ncache-fp1.canary.airbnb.com,X,
i-0670127590388b3ed.inst.aws.airbnb.com,X,
i-05a17da34e83faadd.inst.aws.airbnb.com,X,
community.qa01.aws.inst.airbnb.com,X,
i-0a80b7baabd70aeac.inst.aws.airbnb.com,X,
ja.next.airbnb.com,X,
themis-staging.aws.airbnb.com,X,
db.next.airbnb.com,X,
orders.next.airbnb.com,X,
demo.next.airbnb.com,X,
ncam.next.airbnb.com,X,
i-c1813246.inst.aws.airbnb.com,X,
wanjin1.moodle.next.airbnb.com,X,
gac-rds-external-readonly.next.airbnb.com,X,
nshift.next.airbnb.com,X,
email.next.airbnb.com,X,
fernanda.p2p.next.airbnb.com,X,
caoliu.express.next.airbnb.com,X,
i-0c39b2c587bf573d9.inst.aws.airbnb.com,X,
i-08a1fd1fcddcc87d8.inst.aws.airbnb.com,X,
manat0-com.kb.next.airbnb.com,X,
da.airbnb.com,X,
ar.next.airbnb.com,X,
i-0973022d854466590.inst.aws.airbnb.com,X,
media.ncache.fp3.canary.airbnb.com,X,
isit.dev.airbnb.com,X,
whm.catalog.next.airbnb.com,X,
origin-m.airbnb.com,X,
o10.email.airbnb.com,X,
media.next.airbnb.com,X,
media.router.fp7.canary.airbnb.com,X,
mobilegwstg.next.airbnb.com,X,
et.airbnb.com,X,
mt.airbnb.com,X,
i-04f23d88af0b977d8.inst.aws.airbnb.com,X,
aeon-test-01.aws.airbnb.com,X,
concierge.next.airbnb.com,X,
users.uk.next.airbnb.com,X,
i-028ef0b27a0d2f6cb.inst.aws.airbnb.com,X,
surgeryadmin.mail33.next.airbnb.com,X,
i-0826e5e1b4dc7d196.inst.aws.airbnb.com,X,
i-007fc4259f79fb219.inst.aws.airbnb.com,X,
cim-api-qa.next.airbnb.com,X,
admin.next.airbnb.com,X,
napi.admin.airbnb.com,X,
vault.next.airbnb.com,X,
aws.airbnb.com,X,
grafana.iac.airbnb.com,X,
nmail21.next.airbnb.com,X,
dtc.mail31.next.airbnb.com,X,
inst.www.next.airbnb.com,X,
nebula.aws.airbnb.com,X,
dashboard.next.airbnb.com,X,
ldp.airbnb.com,X,
joeunwoor.merchdirect.next.airbnb.com,X,
orthrus.aws.airbnb.com,X,
test.next.airbnb.com,X,
fw.next.airbnb.com,X,
i-0503a471dccd48fcf.inst.aws.airbnb.com,X,
root.next.airbnb.com,X,
host.next.airbnb.com,X,
tpe.id-covid19-service.next.airbnb.com,X,
n30.t.airbnb.com,X,
i-02339d351ba811347.inst.aws.airbnb.com,X,
ote.rpanel.next.airbnb.com,X,
homer.iac-dev.airbnb.com,X,
nl.airbnb.com,X,
coronastatic.aws.inst.airbnb.com,X,
functions.next.airbnb.com,X,
cjohnson.next.airbnb.com,X,
hakim.merchdirect.next.airbnb.com,X,
vzzt7w5zubx4-b-kb.aws.inst.airbnb.com,X,
survey.dev.next.airbnb.com,X,
i-09d8cb5b860fef3af.inst.aws.airbnb.com,X,
mienki13.instwww.next.airbnb.com,X,
sqlweb.optustvnow.next.airbnb.com,X,
o32.email.airbnb.com,X,
i-0baaf734f5d011d0a.inst.aws.airbnb.com,X,
i-06c025bb2c2af8eec.inst.aws.airbnb.com,X,
job.next.airbnb.com,X,
csm.next.airbnb.com,X,
one-next.airbnb.com,X,
rtpe-euwest1-04.iac-dev.airbnb.com,X,
ikkome.new.next.airbnb.com,X,
gallery.new.next.airbnb.com,X,
i-073bbc9587b34ef96.inst.aws.airbnb.com,X,
prototype-staging.airbnb.com,X,
august.adapter.next.airbnb.com,X,
crea.new.next.airbnb.com,X,
v19.dev.next.airbnb.com,X,
i-0e1e2747f02bea906.inst.aws.airbnb.com,X,
uk.next.airbnb.com,X,
i-077ea8d4ad8054f0b.inst.aws.airbnb.com,X,
express.next.airbnb.com,X,
rtpe-uswest2-02.iac-dev.airbnb.com,X,
zh-t.next.airbnb.com,X,
careers.next.airbnb.com,X,
norder.next.airbnb.com,X,
i-0bfcc2e0255a8addf.inst.aws.airbnb.com,X,
i-0f3289154fd33581f.inst.aws.airbnb.com,X,
stress.merchdirect.next.airbnb.com,X,
dfcd865e.inst.aws.airbnb.com,X,
rtpe-prod-uswest2-04.iac.airbnb.com,X,
management.dev.next.airbnb.com,X,
git.next.airbnb.com,X,
moodle.next.airbnb.com,X,
resources.next.airbnb.com,X,
jm3.optustvnow.next.airbnb.com,X,
harpreet.rkai.next.airbnb.com,X,
i-09b8527551d11104a.inst.aws.airbnb.com,X,
nhu.next.airbnb.com,X,
testing3.evd.next.airbnb.com,X,
ncatalog.next.airbnb.com,X,
neu.pictures.next.airbnb.com,X,
i-00ec1808a0bc23245.inst.aws.airbnb.com,X,
wp-sample-info.pictures.next.airbnb.com,X,
searchportal-dev.next.airbnb.com,X,
ggs.new.next.airbnb.com,X,
openweb.next.airbnb.com,X,
inswww.next.airbnb.com,X,
bvxvi-qlhe0y6riuz54r.qa01.aws.inst.airbnb.com,X,
dataportal.aws.airbnb.com,X,
mongodb.next.airbnb.com,X,
blog.next.airbnb.com,X,
samara.airbnb.com,X,
i-05c1f31f321ad59c3.inst.aws.airbnb.com,X,
optustvnow.next.airbnb.com,X,
i-0b18c3c4c04a68bfa.inst.aws.airbnb.com,X,
community.airbnb.com,X,
o13.email.airbnb.com,X,
gopi.merchdirect.next.airbnb.com,X,
shift.next.airbnb.com,X,
i-025a216daf76dc9bd.inst.aws.airbnb.com,X,
ja.admin.airbnb.com,X,
i-0cdf0e653744f5a27.inst.aws.airbnb.com,X,
zh.airbnb.com,X,
admin-lite-next.airbnb.com,X,
o33.email.airbnb.com,X,
i-0bc98894d92a2752e.inst.aws.airbnb.com,X,
xh.airbnb.com,X,
hopeless.q.next.airbnb.com,X,
i-04d40b566936f6345.inst.aws.airbnb.com,X,
enfantstar.optustvnow.next.airbnb.com,X,
mycareer.merchdirect.next.airbnb.com,X,
fluffy-test.aws.airbnb.com,X,
crm.next.airbnb.com,X,
nl.m.airbnb.com,X,
i-0a8a2e6ade1b6688b.inst.aws.airbnb.com,X,
image.mail.airbnb.com,X,
gws-qa.next.airbnb.com,X,
acapi.next.airbnb.com,X,
webmail.next.airbnb.com,X,
dnjsdl79.logs.next.airbnb.com,X,
origin-api.airbnb.com,X,
mail29.next.airbnb.com,X,
atlas1.express.next.airbnb.com,X,
bbs.next.airbnb.com,X,