URL,80,443
http://tools.next.airbnb.com,X,,
https://tools.next.airbnb.com,,X,
http://b.next.airbnb.com,X,,
https://nrikunabi.next.airbnb.com,,X,
http://join.next.airbnb.com,X,,
http://apicovid19-el.next.airbnb.com,X,,
https://apicovid19-el.next.airbnb.com,,X,
http://nrikunabi.next.airbnb.com,X,,
https://nprod.next.airbnb.com,,X,
http://xxmix.next.airbnb.com,X,,
http://iam.next.airbnb.com,X,,
https://iam.next.airbnb.com,,X,
http://nprod.next.airbnb.com,X,,
https://join.next.airbnb.com,,X,
https://b.next.airbnb.com,,X,
http://tenshokuknowhow.next.airbnb.com,X,,
http://styles.int.next.airbnb.com,X,,
https://tenshokuknowhow.next.airbnb.com,,X,
http://playstationadmin.apiwww.next.airbnb.com,X,,
http://1.next.airbnb.com,X,,
https://1.next.airbnb.com,,X,
http://gentei-kumanavi-com.new.next.airbnb.com,X,,
http://codex.optustvnow.next.airbnb.com,X,,
http://xxlong.next.airbnb.com,X,,
http://v1.next.airbnb.com,X,,
https://v1.next.airbnb.com,,X,
http://retail.next.airbnb.com,X,,
http://happybaby1.moodle.next.airbnb.com,X,,
https://retail.next.airbnb.com,,X,
http://az.airbnb.com,X,,
http://mx01.next.airbnb.com,X,,
http://unica.mail31.next.airbnb.com,X,,
https://mx01.next.airbnb.com,,X,
http://netherlands.tl-region-covid19.next.airbnb.com,X,,
http://ss13.evd.next.airbnb.com,X,,
http://akamai-dev.airbnb.com,X,,
https://az.airbnb.com,,X,
http://fencing.merchdirect.next.airbnb.com,X,,
http://prod.next.airbnb.com,X,,
http://upload.next.airbnb.com,X,,
https://prod.next.airbnb.com,,X,
https://upload.next.airbnb.com,,X,
http://docs.next.airbnb.com,X,,
https://docs.next.airbnb.com,,X,
http://remote.next.airbnb.com,X,,
https://remote.next.airbnb.com,,X,
https://akamai-dev.airbnb.com,,X,
http://baesilri2.moodle.next.airbnb.com,X,,
https://xxmix.next.airbnb.com,,X,
http://bultaewoo4.uat.next.airbnb.com,X,,
http://yamaguchi.mail33.next.airbnb.com,X,,
http://localhost.next.airbnb.com,X,,
http://priv.next.airbnb.com,X,,
http://work.airbnb.com,X,,
https://localhost.next.airbnb.com,,X,
http://cemerald.apwww.next.airbnb.com,X,,
https://priv.next.airbnb.com,,X,
http://community-staging.airbnb.com,X,,
http://chk.mail35.next.airbnb.com,X,,
http://mailgw02.moodle.next.airbnb.com,X,,
https://view.next.airbnb.com,,X,
http://view.next.airbnb.com,X,,
https://community-staging.airbnb.com,,X,
https://work.airbnb.com,,X,
http://roku.next.airbnb.com,X,,
https://roku.next.airbnb.com,,X,
http://postmaster.next.airbnb.com,X,,
https://postmaster.next.airbnb.com,,X,
http://catalog.next.airbnb.com,X,,
https://catalog.next.airbnb.com,,X,
http://prototype.admin-lite.airbnb.com,X,,
http://r-viallet1.pictures.next.airbnb.com,X,,
http://ngalileo.next.airbnb.com,X,,
https://ngalileo.next.airbnb.com,,X,
https://prototype.admin-lite.airbnb.com,,X,
http://tl-covid19demo.next.airbnb.com,X,,
https://tl-covid19demo.next.airbnb.com,,X,
http://raffles1.inswww.next.airbnb.com,X,,
http://ligkorea.invenio.next.airbnb.com,X,,
http://tpe.jinx-covid19-id.next.airbnb.com,X,,
https://xxlong.next.airbnb.com,,X,
http://rabin.dev.next.airbnb.com,X,,
https://cim-dev.next.airbnb.com,,X,
http://cim-dev.next.airbnb.com,X,,
http://certificate.next.airbnb.com,X,,
https://tx.next.airbnb.com,,X,
http://ipayishop01.moodle.next.airbnb.com,X,,
http://tx.next.airbnb.com,X,,
https://certificate.next.airbnb.com,,X,
http://sli.moodle.next.airbnb.com,X,,
http://alpha.optustvnow.next.airbnb.com,X,,
https://kb.next.airbnb.com,,X,
http://kb.next.airbnb.com,X,,
https://nstg.next.airbnb.com,,X,
http://nstg.next.airbnb.com,X,,
http://umnine.new.next.airbnb.com,X,,
http://andrews.1.next.airbnb.com,X,,
http://mail32.next.airbnb.com,X,,
http://email.airbnb.com,X,,
https://mail32.next.airbnb.com,,X,
http://swapnil.optustvnow.next.airbnb.com,X,,
http://autoconfig.next.airbnb.com,X,,
https://autoconfig.next.airbnb.com,,X,
http://ks-vendingtransactions-mq1.next.airbnb.com,X,,
https://ks-vendingtransactions-mq1.next.airbnb.com,,X,
http://ccmt.next.airbnb.com,X,,
https://ccmt.next.airbnb.com,,X,
https://email.airbnb.com,,X,
http://m.airbnb.com,X,,
https://app.next.airbnb.com,,X,
http://app.next.airbnb.com,X,,
https://m.airbnb.com,,X,
http://adithya.optustvnow.next.airbnb.com,X,,
http://imap.next.airbnb.com,X,,
https://imap.next.airbnb.com,,X,
http://c.next.airbnb.com,X,,
https://c.next.airbnb.com,,X,
http://ca.airbnb.com,X,,
http://wap.next.airbnb.com,X,,
https://wap.next.airbnb.com,,X,
https://ca.airbnb.com,,X,
https://covid19-private-zh-t.next.airbnb.com,,X,
http://covid19-private-zh-t.next.airbnb.com,X,,
http://sdesign.dev.next.airbnb.com,X,,
http://transparency.airbnb.com,X,,
http://nfrontend.prod.next.airbnb.com,X,,
http://s81.moodle.next.airbnb.com,X,,
https://transparency.airbnb.com,,X,
http://ninfo.next.airbnb.com,X,,
https://ninfo.next.airbnb.com,,X,
https://uk-int.next.airbnb.com,,X,
http://uk-int.next.airbnb.com,X,,
http://fuckers.evd.next.airbnb.com,X,,
http://galileo.next.airbnb.com,X,,
https://galileo.next.airbnb.com,,X,
http://14.admin-lite.airbnb.com,X,,
https://14.admin-lite.airbnb.com,,X,
http://igm.optimize.next.airbnb.com,X,,
http://adnbiz.mystique.next.airbnb.com,X,,
http://api.dev.staging.airbnb.com,X,,
https://apicovid19es.next.airbnb.com,,X,
http://apicovid19es.next.airbnb.com,X,,
http://k12.admin.airbnb.com,X,,
http://go.next.airbnb.com,X,,
http://fling.next.airbnb.com,X,,
https://go.next.airbnb.com,,X,
https://api.dev.staging.airbnb.com,,X,
https://fling.next.airbnb.com,,X,
http://pisirusi1.p2p.next.airbnb.com,X,,
https://k12.admin.airbnb.com,,X,
http://gaia.next.airbnb.com,X,,
https://gaia.next.airbnb.com,,X,
http://mobile.next.airbnb.com,X,,
https://mobile.next.airbnb.com,,X,
http://is.airbnb.com,X,,
http://link.recruiting.airbnb.com,X,,
http://dns1.next.airbnb.com,X,,
https://dns1.next.airbnb.com,,X,
http://globalcovid19hu.next.airbnb.com,X,,
https://globalcovid19hu.next.airbnb.com,,X,
http://stg.next.airbnb.com,X,,
https://stg.next.airbnb.com,,X,
https://videos.next.airbnb.com,,X,
http://videos.next.airbnb.com,X,,
https://link.recruiting.airbnb.com,,X,
https://mta-sts.next.airbnb.com,,X,
http://mta-sts.next.airbnb.com,X,,
http://s3devw2.apiwww.next.airbnb.com,X,,
http://zh-profile-covid19.next.airbnb.com,X,,
https://zh-profile-covid19.next.airbnb.com,,X,
http://mapi.optustvnow.next.airbnb.com,X,,
http://el.next.airbnb.com,X,,
http://tracker2.pictures.next.airbnb.com,X,,
https://is.airbnb.com,,X,
http://danieapp.next.airbnb.com,X,,
https://danieapp.next.airbnb.com,,X,
http://q.next.airbnb.com,X,,
http://nmoodle.next.airbnb.com,X,,
https://q.next.airbnb.com,,X,
https://nmoodle.next.airbnb.com,,X,
http://mature.p2p.next.airbnb.com,X,,
https://el.next.airbnb.com,,X,
http://ghost.new.next.airbnb.com,X,,
http://npub.next.airbnb.com,X,,
https://npub.next.airbnb.com,,X,
http://heartful-travel-com.mystique.next.airbnb.com,X,,
http://jobs.next.airbnb.com,X,,
https://jobs.next.airbnb.com,,X,
http://shifa.moodle.next.airbnb.com,X,,
http://ytuu.rkai.next.airbnb.com,X,,
http://webhook.next.airbnb.com,X,,
https://webhook.next.airbnb.com,,X,
http://i49.dev.next.airbnb.com,X,,
http://winnie.merchdirect.next.airbnb.com,X,,
http://kaseya.new.next.airbnb.com,X,,
http://auth.next.airbnb.com,X,,
https://auth.next.airbnb.com,,X,
http://maxlim.kb.next.airbnb.com,X,,
http://nicaragua.new.next.airbnb.com,X,,
http://signin.next.airbnb.com,X,,
http://editorial.next.airbnb.com,X,,
https://editorial.next.airbnb.com,,X,
https://signin.next.airbnb.com,,X,
http://okta.next.airbnb.com,X,,
https://okta.next.airbnb.com,,X,
http://aichi.optustvnow.next.airbnb.com,X,,
http://beta.next.airbnb.com,X,,
https://beta.next.airbnb.com,,X,
http://wamp.uat.next.airbnb.com,X,,
http://rto.moodle.next.airbnb.com,X,,
http://zubin.dev.next.airbnb.com,X,,
http://ko.airbnb.com,X,,
http://hi.airbnb.com,X,,
http://jeje.new.next.airbnb.com,X,,
http://es-l.airbnb.com,X,,
https://ko.airbnb.com,,X,
https://hi.airbnb.com,,X,
https://liveupdate.next.airbnb.com,,X,
http://liveupdate.next.airbnb.com,X,,
http://chj.evd.next.airbnb.com,X,,
https://es-l.airbnb.com,,X,
http://bnx.qa.next.airbnb.com,X,,
http://ga.next.airbnb.com,X,,
http://mi6.evd.next.airbnb.com,X,,
http://wiki.next.airbnb.com,X,,
https://wiki.next.airbnb.com,,X,
http://hangahokkaido-com.mail33.next.airbnb.com,X,,
http://awsdashboard.next.airbnb.com,X,,
http://art2.p2p.next.airbnb.com,X,,
https://awsdashboard.next.airbnb.com,,X,
http://sare.dev.next.airbnb.com,X,,
http://eric.1.next.airbnb.com,X,,
https://ga.next.airbnb.com,,X,
http://lyf.airbnb.com,X,,
http://rx.next.airbnb.com,X,,
https://lyf.airbnb.com,,X,
https://rx.next.airbnb.com,,X,
http://balint.p2p.next.airbnb.com,X,,
http://tse.dev.next.airbnb.com,X,,
http://pdu6.blast2s.next.airbnb.com,X,,
http://blast2s.next.airbnb.com,X,,
https://blast2s.next.airbnb.com,,X,
http://refurbishadmin.merchdirect.next.airbnb.com,X,,
http://keyword.new.next.airbnb.com,X,,
http://prototype.admin-lite-next.airbnb.com,X,,
http://gui.next.airbnb.com,X,,
http://icepeach.1.next.airbnb.com,X,,
https://gui.next.airbnb.com,,X,
http://el.airbnb.com,X,,
http://hanif.dev.next.airbnb.com,X,,
https://gws-rds-external-readonly-uat.next.airbnb.com,,X,
http://gws-rds-external-readonly-uat.next.airbnb.com,X,,
https://prototype.admin-lite-next.airbnb.com,,X,
http://empresa.optustvnow.next.airbnb.com,X,,
http://click.next.airbnb.com,X,,
https://click.next.airbnb.com,,X,
https://gws-uat.next.airbnb.com,,X,
http://gws-uat.next.airbnb.com,X,,
http://enterprise.new.next.airbnb.com,X,,
http://sssssss.express.next.airbnb.com,X,,
http://ardbeg.info.next.airbnb.com,X,,
https://el.airbnb.com,,X,
http://bowlingadmin.evd.next.airbnb.com,X,,
https://mysql.next.airbnb.com,,X,
http://mysql.next.airbnb.com,X,,
http://yamashiro-onsen-com.uat.next.airbnb.com,X,,
http://joni.uk.next.airbnb.com,X,,
http://state.optustvnow.next.airbnb.com,X,,
http://obamaharumi.dev.next.airbnb.com,X,,
http://zxx.express.next.airbnb.com,X,,
https://nfraud.next.airbnb.com,,X,
http://nfraud.next.airbnb.com,X,,
http://admin.airbnb.com,X,,
http://ks-program-api.next.airbnb.com,X,,
https://admin.airbnb.com,,X,
http://origin.next.airbnb.com,X,,
https://ks-program-api.next.airbnb.com,,X,
https://origin.next.airbnb.com,,X,
http://ugc.abuse.next.airbnb.com,X,,
http://instwww.next.airbnb.com,X,,
https://instwww.next.airbnb.com,,X,
http://finance.optustvnow.next.airbnb.com,X,,
http://exchange.next.airbnb.com,X,,
https://exchange.next.airbnb.com,,X,
http://apwww.next.airbnb.com,X,,
https://apwww.next.airbnb.com,,X,
http://vendor-api.next.airbnb.com,X,,
https://vendor-api.next.airbnb.com,,X,
http://s.airbnb.com,X,,
http://learnenglish.mail33.next.airbnb.com,X,,
https://s.airbnb.com,,X,
http://prototype.admin-staging.airbnb.com,X,,
http://hit.moodle.next.airbnb.com,X,,
https://prototype.admin-staging.airbnb.com,,X,
https://api.airbnb.com,,X,
http://api.airbnb.com,X,,
https://mx1.next.airbnb.com,,X,
http://mx1.next.airbnb.com,X,,
http://ar.airbnb.com,X,,
http://0.next.airbnb.com,X,,
https://0.next.airbnb.com,,X,
http://el-covid19-service.next.airbnb.com,X,,
https://el-covid19-service.next.airbnb.com,,X,
http://invenio.next.airbnb.com,X,,
https://ar.airbnb.com,,X,
http://ncdn.next.airbnb.com,X,,
https://invenio.next.airbnb.com,,X,
https://ncdn.next.airbnb.com,,X,
http://id.next.airbnb.com,X,,
http://historymedrenpre.dev.next.airbnb.com,X,,
https://id.next.airbnb.com,,X,
http://rainbownature.optustvnow.next.airbnb.com,X,,
http://snake.evd.next.airbnb.com,X,,
http://download.next.airbnb.com,X,,
https://download.next.airbnb.com,,X,
https://vendors.next.airbnb.com,,X,
http://vendors.next.airbnb.com,X,,
https://cveapi.next.airbnb.com,,X,
http://jubjub-asia.optustvnow.next.airbnb.com,X,,
http://cveapi.next.airbnb.com,X,,
http://basic-nodejs-dev.next.airbnb.com,X,,
https://basic-nodejs-dev.next.airbnb.com,,X,
http://nginx.next.airbnb.com,X,,
https://nginx.next.airbnb.com,,X,
http://morrow.mail35.next.airbnb.com,X,,
http://huhu.pictures.next.airbnb.com,X,,
https://tl-covid19-billing.next.airbnb.com,,X,
http://tl-covid19-billing.next.airbnb.com,X,,
http://zu.airbnb.com,X,,
http://patchwork.next.airbnb.com,X,,
https://patchwork.next.airbnb.com,,X,
http://ppls.uk.next.airbnb.com,X,,
http://citrix.next.airbnb.com,X,,
https://citrix.next.airbnb.com,,X,
http://owa.next.airbnb.com,X,,
https://owa.next.airbnb.com,,X,
http://tellus.mail35.next.airbnb.com,X,,
https://zu.airbnb.com,,X,
http://mala3eb.optustvnow.next.airbnb.com,X,,
http://akamai-test.airbnb.com,X,,
https://akamai-test.airbnb.com,,X,
http://dev.next.airbnb.com,X,,
https://dev.next.airbnb.com,,X,
http://gollum.dev.next.airbnb.com,X,,
http://gi14.optustvnow.next.airbnb.com,X,,
http://vols.evd.next.airbnb.com,X,,
https://assets.airbnb.com,,X,
http://assets.airbnb.com,X,,
https://nuser.next.airbnb.com,,X,
http://nuser.next.airbnb.com,X,,
http://collector.galileo.next.airbnb.com,X,,
http://ww1.next.airbnb.com,X,,
https://ww1.next.airbnb.com,,X,
http://sk.airbnb.com,X,,
http://mailserver.next.airbnb.com,X,,
https://mailserver.next.airbnb.com,,X,
http://scg-pub.apiwww.next.airbnb.com,X,,
https://sk.airbnb.com,,X,
https://httpbin.next.airbnb.com,,X,
http://httpbin.next.airbnb.com,X,,
https://platform.airbnb.com,,X,
http://platform.airbnb.com,X,,
https://cloudmonitor.airbnb.com,,X,
http://vel.next.airbnb.com,X,,
https://vel.next.airbnb.com,,X,
https://servers.next.airbnb.com,,X,
http://cloudmonitor.airbnb.com,X,,
http://servers.next.airbnb.com,X,,
http://ike.mystique.next.airbnb.com,X,,
http://rage.1.next.airbnb.com,X,,
http://lv.airbnb.com,X,,
https://old.next.airbnb.com,,X,
http://old.next.airbnb.com,X,,
https://dns2.next.airbnb.com,,X,
http://dns2.next.airbnb.com,X,,
http://support.airbnb.com,X,,
https://ns1.next.airbnb.com,,X,
http://ns1.next.airbnb.com,X,,
http://dev.staging.airbnb.com,X,,
https://lv.airbnb.com,,X,
http://balaji.uk.next.airbnb.com,X,,
http://tl-region-covid19.next.airbnb.com,X,,
https://tl-region-covid19.next.airbnb.com,,X,
http://p2p.next.airbnb.com,X,,
https://p2p.next.airbnb.com,,X,
http://nv1.next.airbnb.com,X,,
https://dev.staging.airbnb.com,,X,
https://nv1.next.airbnb.com,,X,
http://huoceania-covid19.next.airbnb.com,X,,
https://huoceania-covid19.next.airbnb.com,,X,
http://neditorial.next.airbnb.com,X,,
https://neditorial.next.airbnb.com,,X,
http://images.next.airbnb.com,X,,
https://images.next.airbnb.com,,X,
http://api.preprod.airbnb.com,X,,
http://cnr.airbnb.com,X,,
http://eventhorizon.dev.next.airbnb.com,X,,
https://api.preprod.airbnb.com,,X,
http://zh-t.airbnb.com,X,,
http://serveur.1.next.airbnb.com,X,,
https://cnr.airbnb.com,,X,
http://k-go-biz.ci.next.airbnb.com,X,,
http://wmozart.mail35.next.airbnb.com,X,,
https://zh-t.airbnb.com,,X,
https://help.next.airbnb.com,,X,
http://help.next.airbnb.com,X,,
http://tablo.1.next.airbnb.com,X,,
http://bb9.pictures.next.airbnb.com,X,,
http://playground.optustvnow.next.airbnb.com,X,,
https://gcom-product-find-qa.next.airbnb.com,,X,
http://gcom-product-find-qa.next.airbnb.com,X,,
http://coolweb.1.next.airbnb.com,X,,
http://x86.moodle.next.airbnb.com,X,,
http://pop3.next.airbnb.com,X,,
https://pop3.next.airbnb.com,,X,
http://vinusman.new.next.airbnb.com,X,,
https://info.next.airbnb.com,,X,
http://info.next.airbnb.com,X,,
http://desdemona.new.next.airbnb.com,X,,
http://yamamoto.uk.next.airbnb.com,X,,
http://localhostapi.next.airbnb.com,X,,
https://localhostapi.next.airbnb.com,,X,
http://staging.next.airbnb.com,X,,
https://staging.next.airbnb.com,,X,
https://developer.airbnb.com,,X,
http://kerala.pictures.next.airbnb.com,X,,
http://brighton.optustvnow.next.airbnb.com,X,,
http://developer.airbnb.com,X,,
https://cim-data-quality-qa.next.airbnb.com,,X,
http://uk.test.next.airbnb.com,X,,
http://mendeddrum.evd.next.airbnb.com,X,,
http://cim-data-quality-qa.next.airbnb.com,X,,
https://hu-region-covid19.next.airbnb.com,,X,
http://be.mail35.next.airbnb.com,X,,
http://intern.mail33.next.airbnb.com,X,,
http://hu-region-covid19.next.airbnb.com,X,,
https://code.next.airbnb.com,,X,
http://code.next.airbnb.com,X,,
https://office.next.airbnb.com,,X,
http://office.next.airbnb.com,X,,
http://beloved.ci.next.airbnb.com,X,,
http://nikorinoie-com.moodle.next.airbnb.com,X,,
http://hens77.cspi.next.airbnb.com,X,,
http://fs8.dev.next.airbnb.com,X,,
http://divoff82.apiwww.next.airbnb.com,X,,
http://quantumcomputer.next.airbnb.com,X,,
https://quantumcomputer.next.airbnb.com,,X,
http://nnew.next.airbnb.com,X,,
https://nnew.next.airbnb.com,,X,
http://prod1.res.next.airbnb.com,X,,
http://img.next.airbnb.com,X,,
https://img.next.airbnb.com,,X,
http://nde.prod.next.airbnb.com,X,,
http://zimbra.evd.next.airbnb.com,X,,
http://web98.dev.next.airbnb.com,X,,
https://ip.next.airbnb.com,,X,
http://ip.next.airbnb.com,X,,
http://bockhan1.moodle.next.airbnb.com,X,,
http://maza.blast2s.next.airbnb.com,X,,
http://masterman.merchdirect.next.airbnb.com,X,,
https://edge.next.airbnb.com,,X,
http://edge.next.airbnb.com,X,,
http://skybell.adapter.next.airbnb.com,X,,
http://gac-rds-external-readonly-preprod.next.airbnb.com,X,,
https://gac-rds-external-readonly-preprod.next.airbnb.com,,X,
http://voiceapp-xsrvjp.moodle.next.airbnb.com,X,,
http://next.airbnb.com,X,,
http://nodejs.next.airbnb.com,X,,
http://buyshock.pictures.next.airbnb.com,X,,
https://nodejs.next.airbnb.com,,X,
http://he.airbnb.com,X,,
http://mosh.mystique.next.airbnb.com,X,,
http://mail31.next.airbnb.com,X,,
https://mail31.next.airbnb.com,,X,
http://larue.next.airbnb.com,X,,
https://larue.next.airbnb.com,,X,
http://vistyle.evd.next.airbnb.com,X,,
http://pino.merchdirect.next.airbnb.com,X,,
http://covid19nov.next.airbnb.com,X,,
https://covid19nov.next.airbnb.com,,X,
http://xx.airbnb.com,X,,
https://he.airbnb.com,,X,
http://mail21.next.airbnb.com,X,,
https://mail21.next.airbnb.com,,X,
http://idprofile-covid19.next.airbnb.com,X,,
https://idprofile-covid19.next.airbnb.com,,X,
https://xx.airbnb.com,,X,
https://inst.next.airbnb.com,,X,
http://inst.next.airbnb.com,X,,
https://kubernetes.next.airbnb.com,,X,
http://kubernetes.next.airbnb.com,X,,
http://prototype.admin-lite-staging.airbnb.com,X,,
https://next.airbnb.com,,X,
https://mongo.next.airbnb.com,,X,
http://mongo.next.airbnb.com,X,,
https://prototype.admin-lite-staging.airbnb.com,,X,
https://merchdirect.next.airbnb.com,,X,
http://merchdirect.next.airbnb.com,X,,
http://stats.next.airbnb.com,X,,
https://stats.next.airbnb.com,,X,
http://int.next.airbnb.com,X,,
https://int.next.airbnb.com,,X,
https://ns3.next.airbnb.com,,X,
http://ns3.next.airbnb.com,X,,
http://user.next.airbnb.com,X,,
https://user.next.airbnb.com,,X,
http://api.localhost.airbnb.comapi.next.airbnb.com,X,,
http://tls.next.airbnb.com,X,,
http://prototype.admin.airbnb.com,X,,
https://tls.next.airbnb.com,,X,
http://angela.new.next.airbnb.com,X,,
https://prototype.admin.airbnb.com,,X,
http://uat.next.airbnb.com,X,,
http://seahorse.mail33.next.airbnb.com,X,,
https://uat.next.airbnb.com,,X,
http://members.next.airbnb.com,X,,
https://members.next.airbnb.com,,X,
http://prototype-internal-next.airbnb.com,X,,
https://prototype-internal-next.airbnb.com,,X,
http://forums.next.airbnb.com,X,,
https://forums.next.airbnb.com,,X,
http://users.mail33.next.airbnb.com,X,,
http://knowledgemanagement.next.airbnb.com,X,,
https://knowledgemanagement.next.airbnb.com,,X,
http://flagship.merchdirect.next.airbnb.com,X,,
http://gws.next.airbnb.com,X,,
https://gws.next.airbnb.com,,X,
http://worldsoccerpre.new.next.airbnb.com,X,,
http://prototype.admin-next.airbnb.com,X,,
http://santalucia.moodle.next.airbnb.com,X,,
http://admin-next.airbnb.com,X,,
https://prototype.admin-next.airbnb.com,,X,
https://admin-next.airbnb.com,,X,
http://nuk.next.airbnb.com,X,,
https://nuk.next.airbnb.com,,X,
https://press.airbnb.com,,X,
http://static.next.airbnb.com,X,,
http://press.airbnb.com,X,,
http://en.next.airbnb.com,X,,
https://static.next.airbnb.com,,X,
https://en.next.airbnb.com,,X,
http://luce.evd.next.airbnb.com,X,,
http://docker.next.airbnb.com,X,,
https://docker.next.airbnb.com,,X,
http://it.trend.next.airbnb.com,X,,
http://mimosa.evd.next.airbnb.com,X,,
http://db08.dev.next.airbnb.com,X,,
http://basic.next.airbnb.com,X,,
https://basic.next.airbnb.com,,X,
http://us-east.next.airbnb.com,X,,
https://us-east.next.airbnb.com,,X,
http://vpn.next.airbnb.com,X,,
https://vpn.next.airbnb.com,,X,
http://nerds.airbnb.com,X,,
http://cam.next.airbnb.com,X,,
https://cam.next.airbnb.com,,X,
http://open.airbnb.com,X,,
https://nerds.airbnb.com,,X,
http://webback02.moodle.next.airbnb.com,X,,
https://open.airbnb.com,,X,
http://lcy.evd.next.airbnb.com,X,,
http://admin-lite.airbnb.com,X,,
https://admin-lite.airbnb.com,,X,
http://internal.next.airbnb.com,X,,
https://internal.next.airbnb.com,,X,
http://marylucia.new.next.airbnb.com,X,,
http://laptop.merchdirect.next.airbnb.com,X,,
http://sriram.evd.next.airbnb.com,X,,
http://cim-geo-dev.next.airbnb.com,X,,
https://cim-geo-dev.next.airbnb.com,,X,
http://wfm-service.next.airbnb.com,X,,
https://wfm-service.next.airbnb.com,,X,
http://syn.evd.next.airbnb.com,X,,
http://ns2.next.airbnb.com,X,,
https://ns2.next.airbnb.com,,X,
http://assets.next.airbnb.com,X,,
https://assets.next.airbnb.com,,X,
http://docworks.mail33.next.airbnb.com,X,,
http://saemartd2.dev.next.airbnb.com,X,,
http://aamk.admin-lite-next.airbnb.com,X,,
http://elastic.next.airbnb.com,X,,
https://elastic.next.airbnb.com,,X,
http://nmail28.next.airbnb.com,X,,
https://nmail28.next.airbnb.com,,X,
https://aamk.admin-lite-next.airbnb.com,,X,
http://zh-t-apicovid19.next.airbnb.com,X,,
https://zh-t-apicovid19.next.airbnb.com,,X,
http://nodejs-dev.next.airbnb.com,X,,
http://region-covid19.next.airbnb.com,X,,
https://region-covid19.next.airbnb.com,,X,
https://nodejs-dev.next.airbnb.com,,X,
http://postit.new.next.airbnb.com,X,,
http://sakura-cosme-com.dev.next.airbnb.com,X,,
http://ntest.next.airbnb.com,X,,
https://ntest.next.airbnb.com,,X,
http://de.airbnb.com,X,,
http://mobi.evd.next.airbnb.com,X,,
http://bulletin.next.airbnb.com,X,,
https://de.airbnb.com,,X,
https://bulletin.next.airbnb.com,,X,
https://support.next.airbnb.com,,X,
http://support.next.airbnb.com,X,,
http://ucnownet3.moodle.next.airbnb.com,X,,
http://timesheets.dev.next.airbnb.com,X,,
https://server.next.airbnb.com,,X,
http://server.next.airbnb.com,X,,
http://databassano.evd.next.airbnb.com,X,,
http://blogs.next.airbnb.com,X,,
https://blogs.next.airbnb.com,,X,
http://users.pictures.next.airbnb.com,X,,
http://sq.airbnb.com,X,,
http://ci.next.airbnb.com,X,,
https://ci.next.airbnb.com,,X,
http://pop.next.airbnb.com,X,,
https://pop.next.airbnb.com,,X,
https://sq.airbnb.com,,X,
http://covid19elasticbeanstalk-el.next.airbnb.com,X,,
https://covid19elasticbeanstalk-el.next.airbnb.com,,X,
http://wolfe.merchdirect.next.airbnb.com,X,,
http://peritus.cspi.next.airbnb.com,X,,
http://sl.airbnb.com,X,,
http://fatsoma.next.airbnb.com,X,,
https://fatsoma.next.airbnb.com,,X,
http://lt.airbnb.com,X,,
https://lt.airbnb.com,,X,
http://hwcdn-covid19hu.next.airbnb.com,X,,
https://sl.airbnb.com,,X,
http://9covid19-el.next.airbnb.com,X,,
https://hwcdn-covid19hu.next.airbnb.com,,X,
https://9covid19-el.next.airbnb.com,,X,
http://cloud.mail.airbnb.com,X,,
http://new.next.airbnb.com,X,,
https://new.next.airbnb.com,,X,
http://fr.airbnb.com,X,,
https://cloud.mail.airbnb.com,,X,
http://geuxer1.dev.next.airbnb.com,X,,
http://ks-invoice-api.next.airbnb.com,X,,
https://ks-invoice-api.next.airbnb.com,,X,
https://fr.airbnb.com,,X,
http://api.next.airbnb.com,X,,
http://uk.airbnb.com,X,,
https://api.next.airbnb.com,,X,
http://api-fastly-staging.airbnb.com,X,,
http://api.localhostapi.next.airbnb.com,X,,
https://uk.airbnb.com,,X,
http://beach.optustvnow.next.airbnb.com,X,,
http://libmail.optustvnow.next.airbnb.com,X,,
http://rikunabi.next.airbnb.com,X,,
https://rikunabi.next.airbnb.com,,X,
http://de.prod.next.airbnb.com,X,,
http://prototype-internal.airbnb.com,X,,
https://a.next.airbnb.com,,X,
http://a.next.airbnb.com,X,,
http://mssql.next.airbnb.com,X,,
https://mssql.next.airbnb.com,,X,
http://cim-api-dev.next.airbnb.com,X,,
https://cim-api-dev.next.airbnb.com,,X,
https://prototype-internal.airbnb.com,,X,
http://guard.1.next.airbnb.com,X,,
http://tpe.covid19demo-id.next.airbnb.com,X,,
http://costech-xsrvjp.pictures.next.airbnb.com,X,,
http://hu.airbnb.com,X,,
http://tse04.dev.next.airbnb.com,X,,
http://hr.airbnb.com,X,,
http://pre-prod.next.airbnb.com,X,,
https://pre-prod.next.airbnb.com,,X,
http://sslvpn.next.airbnb.com,X,,
https://sslvpn.next.airbnb.com,,X,
http://cskcs.new.next.airbnb.com,X,,
http://ministryofsound.merchdirect.next.airbnb.com,X,,
https://hu.airbnb.com,,X,
https://hr.airbnb.com,,X,
http://management.moodle.next.airbnb.com,X,,
http://comapi.next.airbnb.com,X,,
https://comapi.next.airbnb.com,,X,
http://mail35.next.airbnb.com,X,,
https://mail35.next.airbnb.com,,X,
http://uk-test.next.airbnb.com,X,,
https://uk-test.next.airbnb.com,,X,
http://mypopcase.mail31.next.airbnb.com,X,,
http://davywavy.instwww.next.airbnb.com,X,,
http://nlux.next.airbnb.com,X,,
https://nlux.next.airbnb.com,,X,
https://publishing-catalog.next.airbnb.com,,X,
http://publishing-catalog.next.airbnb.com,X,,
http://flexakorea1.moodle.next.airbnb.com,X,,
http://ks-vendingtransactions-mq4.next.airbnb.com,X,,
https://ks-vendingtransactions-mq4.next.airbnb.com,,X,
http://hu.next.airbnb.com,X,,
https://useast.next.airbnb.com,,X,
http://useast.next.airbnb.com,X,,
http://video.next.airbnb.com,X,,
https://video.next.airbnb.com,,X,
http://shca.optustvnow.next.airbnb.com,X,,
https://api-www.next.airbnb.com,,X,
http://api-www.next.airbnb.com,X,,
http://gitlab.next.airbnb.com,X,,
https://gitlab.next.airbnb.com,,X,
http://check.next.airbnb.com,X,,
https://check.next.airbnb.com,,X,
https://pub.next.airbnb.com,,X,
http://pub.next.airbnb.com,X,,
http://api.www.next.airbnb.com,X,,
http://cdn.next.airbnb.com,X,,
https://cdn.next.airbnb.com,,X,
http://hy.airbnb.com,X,,
https://hy.airbnb.com,,X,
https://investors.airbnb.com,,X,
https://hu.next.airbnb.com,,X,
http://investors.airbnb.com,X,,
http://skyteam7.catalog.next.airbnb.com,X,,
http://my.next.airbnb.com,X,,
https://my.next.airbnb.com,,X,
http://moloch.new.next.airbnb.com,X,,
http://stargirl.ci.next.airbnb.com,X,,
http://mail11.next.airbnb.com,X,,
https://mail11.next.airbnb.com,,X,
http://publishing-preview.next.airbnb.com,X,,
https://publishing-preview.next.airbnb.com,,X,
http://it.next.airbnb.com,X,,
https://it.next.airbnb.com,,X,
http://one.airbnb.com,X,,
https://one.airbnb.com,,X,
http://dogfood-dev.next.airbnb.com,X,,
https://dogfood-dev.next.airbnb.com,,X,
http://cim-api-uat.next.airbnb.com,X,,
https://cim-api-uat.next.airbnb.com,,X,
http://gws-api-sandbox.next.airbnb.com,X,,
https://gws-api-sandbox.next.airbnb.com,,X,
http://np2p.next.airbnb.com,X,,
https://np2p.next.airbnb.com,,X,
http://mononoke.dev.next.airbnb.com,X,,
http://server1.next.airbnb.com,X,,
https://server1.next.airbnb.com,,X,
http://cdq-api.next.airbnb.com,X,,
https://cdq-api.next.airbnb.com,,X,
http://whois.next.airbnb.com,X,,
https://whois.next.airbnb.com,,X,
http://video.airbnb.com,X,,
http://paintballpre.moodle.next.airbnb.com,X,,
https://video.airbnb.com,,X,
http://sungyeon.mystique.next.airbnb.com,X,,
http://store.next.airbnb.com,X,,
https://store.next.airbnb.com,,X,
http://pictures.next.airbnb.com,X,,
https://pictures.next.airbnb.com,,X,
http://mylure.mystique.next.airbnb.com,X,,
http://lamis.rkai.next.airbnb.com,X,,
http://frontend.prod.next.airbnb.com,X,,
http://spf.next.airbnb.com,X,,
https://spf.next.airbnb.com,,X,
https://nwebforward.next.airbnb.com,,X,
http://nwebforward.next.airbnb.com,X,,
http://amigas.evd.next.airbnb.com,X,,
http://protools.airbnb.com,X,,
https://manager.next.airbnb.com,,X,
http://manager.next.airbnb.com,X,,
https://nweb1.next.airbnb.com,,X,
http://nweb1.next.airbnb.com,X,,
http://donat.p2p.next.airbnb.com,X,,
https://protools.airbnb.com,,X,
http://sip.next.airbnb.com,X,,
https://sip.next.airbnb.com,,X,
http://support-api.airbnb.com,X,,
https://support-api.airbnb.com,,X,
http://ipaynicekuma4.mystique.next.airbnb.com,X,,
http://longtail-seo-jp.new.next.airbnb.com,X,,
http://mx2.next.airbnb.com,X,,
https://mx2.next.airbnb.com,,X,
http://mobile-rest.next.airbnb.com,X,,
https://mobile-rest.next.airbnb.com,,X,
http://lm.next.airbnb.com,X,,
https://lm.next.airbnb.com,,X,
http://osman.optustvnow.next.airbnb.com,X,,
http://airbnb.com,X,,
http://lux.next.airbnb.com,X,,
http://ftpbackup.optustvnow.next.airbnb.com,X,,
https://lux.next.airbnb.com,,X,
http://ru.airbnb.com,X,,
https://airbnb.com,,X,
http://logs.next.airbnb.com,X,,
https://logs.next.airbnb.com,,X,
https://ru.airbnb.com,,X,
http://quiltvalley.optustvnow.next.airbnb.com,X,,
http://sso.next.airbnb.com,X,,
https://sso.next.airbnb.com,,X,
http://gcom-product-find-dev.next.airbnb.com,X,,
https://gcom-product-find-dev.next.airbnb.com,,X,
http://admin.dev.staging.airbnb.com,X,,
http://nzh-t.next.airbnb.com,X,,
https://nzh-t.next.airbnb.com,,X,
https://admin.dev.staging.airbnb.com,,X,
http://metrics.next.airbnb.com,X,,
https://metrics.next.airbnb.com,,X,
http://res.next.airbnb.com,X,,
https://res.next.airbnb.com,,X,
https://mail26.next.airbnb.com,,X,
http://mail26.next.airbnb.com,X,,
http://outlook.next.airbnb.com,X,,
https://outlook.next.airbnb.com,,X,
http://antiviruspre.dev.next.airbnb.com,X,,
http://rkai.next.airbnb.com,X,,
https://rkai.next.airbnb.com,,X,
http://mail28.next.airbnb.com,X,,
https://mail28.next.airbnb.com,,X,
http://cloud.next.airbnb.com,X,,
https://cloud.next.airbnb.com,,X,
http://pl.airbnb.com,X,,
http://airbnb.comapi.next.airbnb.com,X,,
http://th.next.airbnb.com,X,,
https://ngdo.next.airbnb.com,,X,
http://ngdo.next.airbnb.com,X,,
http://mobilepre.optustvnow.next.airbnb.com,X,,
http://cpanel.next.airbnb.com,X,,
https://cpanel.next.airbnb.com,,X,
https://pl.airbnb.com,,X,
http://view.mail.airbnb.com,X,,
http://api-fastly.airbnb.com,X,,
http://monitorizacion.new.next.airbnb.com,X,,
http://mdm.next.airbnb.com,X,,
https://mdm.next.airbnb.com,,X,
https://view.mail.airbnb.com,,X,
http://python.blast2s.next.airbnb.com,X,,
http://inbound.next.airbnb.com,X,,
https://inbound.next.airbnb.com,,X,
https://th.next.airbnb.com,,X,
http://earth-t-jp.mystique.next.airbnb.com,X,,
http://masterword.optustvnow.next.airbnb.com,X,,
http://akamai.next.airbnb.com,X,,
https://akamai.next.airbnb.com,,X,
http://non-prod.next.airbnb.com,X,,
https://non-prod.next.airbnb.com,,X,
http://create.airbnb.com,X,,
http://ns.next.airbnb.com,X,,
https://ns.next.airbnb.com,,X,
http://blue.optustvnow.next.airbnb.com,X,,
http://mail33.next.airbnb.com,X,,
https://mail33.next.airbnb.com,,X,
https://create.airbnb.com,,X,
http://users.cspi.next.airbnb.com,X,,
http://mmedia.optustvnow.next.airbnb.com,X,,
http://click.mail.airbnb.com,X,,
http://jatin.moodle.next.airbnb.com,X,,
https://click.mail.airbnb.com,,X,
http://kazunori.info.next.airbnb.com,X,,
http://optimize.next.airbnb.com,X,,
https://optimize.next.airbnb.com,,X,
http://v20.fling.next.airbnb.com,X,,
http://najme.moodle.next.airbnb.com,X,,
http://freestyle.new.next.airbnb.com,X,,
http://ioa.dev.next.airbnb.com,X,,
http://the.next.airbnb.com,X,,
https://the.next.airbnb.com,,X,
http://no.airbnb.com,X,,
https://no.airbnb.com,,X,
http://portal.next.airbnb.com,X,,
https://portal.next.airbnb.com,,X,
http://assets.evd.next.airbnb.com,X,,
https://mx.next.airbnb.com,,X,
http://mx.next.airbnb.com,X,,
http://ahzlomall1.rkai.next.airbnb.com,X,,
http://ns4.next.airbnb.com,X,,
https://ns4.next.airbnb.com,,X,
https://news.airbnb.com,,X,
http://news.airbnb.com,X,,
http://cgogol2.merchdirect.next.airbnb.com,X,,
https://nm.next.airbnb.com,,X,
http://nm.next.airbnb.com,X,,
http://10.el-covid19-service.next.airbnb.com,X,,
http://dimension.next.airbnb.com,X,,
https://dimension.next.airbnb.com,,X,
http://ro.airbnb.com,X,,
http://ogikubo-i-com.optustvnow.next.airbnb.com,X,,
http://short.dev.next.airbnb.com,X,,
http://collab.next.airbnb.com,X,,
https://collab.next.airbnb.com,,X,
http://es.admin.airbnb.com,X,,
https://ro.airbnb.com,,X,
https://es.admin.airbnb.com,,X,
https://statcont.next.airbnb.com,,X,
http://statcont.next.airbnb.com,X,,
http://zh-cn.airbnb.com,X,,
http://webdisk.next.airbnb.com,X,,
https://webdisk.next.airbnb.com,,X,
http://ad-innosence-xsrvjp.apiwww.next.airbnb.com,X,,
https://zh-cn.airbnb.com,,X,
http://gws-dev.next.airbnb.com,X,,
https://gws-dev.next.airbnb.com,,X,
http://santhosh.new.next.airbnb.com,X,,
http://seedsman.dev.next.airbnb.com,X,,
http://ks-limits-api.next.airbnb.com,X,,
https://ks-limits-api.next.airbnb.com,,X,
http://searchportal-qa.next.airbnb.com,X,,
https://searchportal-qa.next.airbnb.com,,X,
http://mmmobile.invenio.next.airbnb.com,X,,
http://dnstest.blast2s.next.airbnb.com,X,,
http://fi.airbnb.com,X,,
http://gi38admin.res.next.airbnb.com,X,,
http://preview.next.airbnb.com,X,,
https://preview.next.airbnb.com,,X,
https://i18n.next.airbnb.com,,X,
http://i18n.next.airbnb.com,X,,
http://box4.optimize.next.airbnb.com,X,,
https://fi.airbnb.com,,X,
https://rpanel.next.airbnb.com,,X,
http://rpanel.next.airbnb.com,X,,
http://r.airbnb.com,X,,
https://iac.airbnb.com,,X,
http://dns.next.airbnb.com,X,,
https://dns.next.airbnb.com,,X,
https://r.airbnb.com,,X,
http://boring.q.next.airbnb.com,X,,
http://signup.next.airbnb.com,X,,
https://signup.next.airbnb.com,,X,
http://tr.airbnb.com,X,,
http://vbv.invenio.next.airbnb.com,X,,
https://tr.airbnb.com,,X,
http://stage.next.airbnb.com,X,,
https://stage.next.airbnb.com,,X,
http://ka.airbnb.com,X,,
http://neon.1.next.airbnb.com,X,,
https://ka.airbnb.com,,X,
http://nlarue.next.airbnb.com,X,,
https://nlarue.next.airbnb.com,,X,
http://oceania-covid19hu.next.airbnb.com,X,,
https://oceania-covid19hu.next.airbnb.com,,X,
http://it.airbnb.com,X,,
https://it.airbnb.com,,X,
http://ninvenio.next.airbnb.com,X,,
https://ninvenio.next.airbnb.com,,X,
http://api.admin.airbnb.com,X,,
https://api.admin.airbnb.com,,X,
http://hawaii.moodle.next.airbnb.com,X,,
http://order.next.airbnb.com,X,,
https://order.next.airbnb.com,,X,
https://husecuritycovid19.next.airbnb.com,,X,
http://husecuritycovid19.next.airbnb.com,X,,
http://yellowpages.moodle.next.airbnb.com,X,,
http://publicpolicy.airbnb.com,X,,
http://leemh77.optustvnow.next.airbnb.com,X,,
https://publicpolicy.airbnb.com,,X,
http://dnm.next.airbnb.com,X,,
https://dnm.next.airbnb.com,,X,
http://lists.next.airbnb.com,X,,
http://intl.merchdirect.next.airbnb.com,X,,
https://lists.next.airbnb.com,,X,
http://sv.airbnb.com,X,,
http://pinnacle.merchdirect.next.airbnb.com,X,,
http://lutron.adapter.next.airbnb.com,X,,
http://npictures.next.airbnb.com,X,,
https://npictures.next.airbnb.com,,X,
http://3dadmin.moodle.next.airbnb.com,X,,
https://sv.airbnb.com,,X,
http://lodee.evd.next.airbnb.com,X,,
http://careers.airbnb.com,X,,
https://careers.airbnb.com,,X,
http://burlingtonvtpre.optustvnow.next.airbnb.com,X,,
http://september1.new.next.airbnb.com,X,,
http://springs.uat.next.airbnb.com,X,,
https://iac-dev.airbnb.com,,X,
http://searchportal.next.airbnb.com,X,,
https://searchportal.next.airbnb.com,,X,
http://s1intkthkira.optustvnow.next.airbnb.com,X,,
http://news.next.airbnb.com,X,,
https://news.next.airbnb.com,,X,
http://beispiel.admin-lite-next.airbnb.com,X,,
https://beispiel.admin-lite-next.airbnb.com,,X,
http://naira.mail31.next.airbnb.com,X,,
http://eym-xsrvjp.info.next.airbnb.com,X,,
http://ks-inventory-api.next.airbnb.com,X,,
https://ks-inventory-api.next.airbnb.com,,X,
http://mk.airbnb.com,X,,
https://mk.airbnb.com,,X,
http://7.tl-covid19demo.next.airbnb.com,X,,
http://cs.airbnb.com,X,,
http://akamai-test.next.airbnb.com,X,,
https://akamai-test.next.airbnb.com,,X,
http://ntenshokuknowhow.next.airbnb.com,X,,
https://ntenshokuknowhow.next.airbnb.com,,X,
http://admin-staging.airbnb.com,X,,
https://cs.airbnb.com,,X,
http://wordpress.next.airbnb.com,X,,
http://sr.airbnb.com,X,,
https://wordpress.next.airbnb.com,,X,
https://admin-staging.airbnb.com,,X,
http://ssl.next.airbnb.com,X,,
https://ssl.next.airbnb.com,,X,
http://web.next.airbnb.com,X,,
https://web.next.airbnb.com,,X,
https://sr.airbnb.com,,X,
http://webdevsladmin.evd.next.airbnb.com,X,,
http://romeo.optustvnow.next.airbnb.com,X,,
https://ws.next.airbnb.com,,X,
https://ml.next.airbnb.com,,X,
http://ml.next.airbnb.com,X,,
http://collector1qa.optustvnow.next.airbnb.com,X,,
http://pt.airbnb.com,X,,
http://cert.next.airbnb.com,X,,
https://cert.next.airbnb.com,,X,
https://pt.airbnb.com,,X,
http://chamberlain.adapter.next.airbnb.com,X,,
http://panicdisorderadmin.rkai.next.airbnb.com,X,,
http://nfling.next.airbnb.com,X,,
https://nfling.next.airbnb.com,,X,
http://works.pictures.next.airbnb.com,X,,
http://web30.evd.next.airbnb.com,X,,
http://login.next.airbnb.com,X,,
https://login.next.airbnb.com,,X,
http://airsuite.next.airbnb.com,X,,
https://airsuite.next.airbnb.com,,X,
http://presto.next.airbnb.com,X,,
http://consul.next.airbnb.com,X,,
https://consul.next.airbnb.com,,X,
https://presto.next.airbnb.com,,X,
http://geoffrey.rkai.next.airbnb.com,X,,
https://nairsuite.next.airbnb.com,,X,
http://nairsuite.next.airbnb.com,X,,
http://ilove.m.next.airbnb.com,X,,
http://webmail02.pictures.next.airbnb.com,X,,
http://possum.new.next.airbnb.com,X,,
http://abas.p2p.next.airbnb.com,X,,
http://okajima.instwww.next.airbnb.com,X,,
http://ms.airbnb.com,X,,
http://ipv6.next.airbnb.com,X,,
https://ipv6.next.airbnb.com,,X,
http://ccapi.next.airbnb.com,X,,
https://ccapi.next.airbnb.com,,X,
https://ms.airbnb.com,,X,
http://voice.next.airbnb.com,X,,
http://daybyday.new.next.airbnb.com,X,,
https://voice.next.airbnb.com,,X,
http://qa1.next.airbnb.com,X,,
https://qa1.next.airbnb.com,,X,
https://nmail29.next.airbnb.com,,X,
http://nmail29.next.airbnb.com,X,,
http://xx.next.airbnb.com,X,,
http://lima.moodle.next.airbnb.com,X,,
http://upgrade.moodle.next.airbnb.com,X,,
https://xx.next.airbnb.com,,X,
http://mundoanime.rkai.next.airbnb.com,X,,
http://sitecore.next.airbnb.com,X,,
https://sitecore.next.airbnb.com,,X,
http://kommunikation.moodle.next.airbnb.com,X,,
http://sw.airbnb.com,X,,
https://sw.airbnb.com,,X,
http://tickets.dev.next.airbnb.com,X,,
http://nuk-int.next.airbnb.com,X,,
https://nuk-int.next.airbnb.com,,X,
http://nginx-newest1.next.airbnb.com,X,,
https://nginx-newest1.next.airbnb.com,,X,
http://newwave.pictures.next.airbnb.com,X,,
http://ja.airbnb.com,X,,
https://ja.airbnb.com,,X,
http://blur.merchdirect.next.airbnb.com,X,,
http://press.new.next.airbnb.com,X,,
http://monicahair.merchdirect.next.airbnb.com,X,,
http://constantin.mail31.next.airbnb.com,X,,
http://ppls.evd.next.airbnb.com,X,,
http://pre.next.airbnb.com,X,,
https://pre.next.airbnb.com,,X,
http://origin-images.airbnb.com,X,,
http://callbacks.airbnb.com,X,,
https://origin-images.airbnb.com,,X,
http://cerberus.next.airbnb.com,X,,
https://cerberus.next.airbnb.com,,X,
http://keishin-net-net.dev.next.airbnb.com,X,,
http://uptime.optustvnow.next.airbnb.com,X,,
http://www2.next.airbnb.com,X,,
https://www2.next.airbnb.com,,X,
http://prototype-internal-staging.airbnb.com,X,,
https://prototype-internal-staging.airbnb.com,,X,
https://callbacks.airbnb.com,,X,
http://ceqed.next.airbnb.com,X,,
https://ceqed.next.airbnb.com,,X,
http://agencias.moodle.next.airbnb.com,X,,
http://cspi.next.airbnb.com,X,,
https://cspi.next.airbnb.com,,X,
http://preprod.airbnb.com,X,,
http://mail30.next.airbnb.com,X,,
https://mail30.next.airbnb.com,,X,
http://storybook.next.airbnb.com,X,,
https://preprod.airbnb.com,,X,
http://es.airbnb.com,X,,
https://storybook.next.airbnb.com,,X,
http://tlcovid19-private.next.airbnb.com,X,,
https://tlcovid19-private.next.airbnb.com,,X,
http://file.next.airbnb.com,X,,
https://file.next.airbnb.com,,X,
https://es.airbnb.com,,X,
https://nbeta.next.airbnb.com,,X,
http://nbeta.next.airbnb.com,X,,
http://napi.www.next.airbnb.com,X,,
http://nkb.next.airbnb.com,X,,
https://nkb.next.airbnb.com,,X,
http://tsukumo-biz.kb.next.airbnb.com,X,,
http://web1.next.airbnb.com,X,,
https://web1.next.airbnb.com,,X,
http://ks-vendingtransactions-mq0.next.airbnb.com,X,,
https://ks-vendingtransactions-mq0.next.airbnb.com,,X,
http://www.airbnb.com,X,,
http://shop.next.airbnb.com,X,,
https://shop.next.airbnb.com,,X,
http://webclipart.ci.next.airbnb.com,X,,
http://whm.next.airbnb.com,X,,
https://www.airbnb.com,,X,
https://whm.next.airbnb.com,,X,
http://web96.merchdirect.next.airbnb.com,X,,
https://forum.next.airbnb.com,,X,
http://forum.next.airbnb.com,X,,
http://xxkey.airbnb.com,X,,
https://cp.next.airbnb.com,,X,
http://cp.next.airbnb.com,X,,
http://renault.next.airbnb.com,X,,
https://renault.next.airbnb.com,,X,
http://ru.next.airbnb.com,X,,
https://evd.next.airbnb.com,,X,
http://evd.next.airbnb.com,X,,
http://leave.blast2s.next.airbnb.com,X,,
https://xxkey.airbnb.com,,X,
https://ru.next.airbnb.com,,X,
http://chesspre.logs.next.airbnb.com,X,,
http://dqbo.admin-next.airbnb.com,X,,
https://dqbo.admin-next.airbnb.com,,X,
http://hananoki.instwww.next.airbnb.com,X,,
http://client1.instwww.next.airbnb.com,X,,
http://moorootr.merchdirect.next.airbnb.com,X,,
http://isit.admin.airbnb.com,X,,
https://isit.admin.airbnb.com,,X,
http://lm.ci.next.airbnb.com,X,,
http://fls.admin.airbnb.com,X,,
https://fls.admin.airbnb.com,,X,
http://ans.rkai.next.airbnb.com,X,,
https://dyn.next.airbnb.com,,X,
http://ks-vendingtransactions-mq3.next.airbnb.com,X,,
http://dyn.next.airbnb.com,X,,
https://ks-vendingtransactions-mq3.next.airbnb.com,,X,
http://source3.merchdirect.next.airbnb.com,X,,
http://somgulem1.optustvnow.next.airbnb.com,X,,
http://cp14.cspi.next.airbnb.com,X,,
http://bnx.int.next.airbnb.com,X,,
http://server0.instwww.next.airbnb.com,X,,
http://minibird.mail31.next.airbnb.com,X,,
http://merchandising-preview.next.airbnb.com,X,,
https://merchandising-preview.next.airbnb.com,,X,
http://dolores.mail33.next.airbnb.com,X,,
http://thanh.optustvnow.next.airbnb.com,X,,
http://webcam.p2p.next.airbnb.com,X,,
http://akrimnet.cspi.next.airbnb.com,X,,
http://test20.optustvnow.next.airbnb.com,X,,
https://ws.airbnb.com,,X,
http://tl.next.airbnb.com,X,,
http://sawhde-com.dev.next.airbnb.com,X,,
http://designstory.res.next.airbnb.com,X,,
https://tl.next.airbnb.com,,X,
https://compass.next.airbnb.com,,X,
http://compass.next.airbnb.com,X,,
https://securitycovid19-zh-t.next.airbnb.com,,X,
http://securitycovid19-zh-t.next.airbnb.com,X,,
http://ga.airbnb.com,X,,
http://dc.next.airbnb.com,X,,
https://dc.next.airbnb.com,,X,
http://es.next.airbnb.com,X,,
https://ga.airbnb.com,,X,
http://one.dev.staging.airbnb.com,X,,
https://one.dev.staging.airbnb.com,,X,
http://th.airbnb.com,X,,
https://es.next.airbnb.com,,X,
http://nirwana.optustvnow.next.airbnb.com,X,,
https://th.airbnb.com,,X,
https://ran.next.airbnb.com,,X,
http://ran.next.airbnb.com,X,,
https://march-covid19el.next.airbnb.com,,X,
http://march-covid19el.next.airbnb.com,X,,
http://ctlfrlay.evd.next.airbnb.com,X,,
http://wup.evd.next.airbnb.com,X,,
https://builder.next.airbnb.com,,X,
http://builder.next.airbnb.com,X,,
http://airwalkbag.ci.next.airbnb.com,X,,
http://devthai.admin.airbnb.com,X,,
http://akamai-staging.airbnb.com,X,,
http://secure.next.airbnb.com,X,,
https://secure.next.airbnb.com,,X,
https://devthai.admin.airbnb.com,,X,
http://michaelkkors1.admin-next.airbnb.com,X,,
http://sagelabs.admin.airbnb.com,X,,
https://akamai-staging.airbnb.com,,X,
https://proxy.next.airbnb.com,,X,
http://proxy.next.airbnb.com,X,,
http://sm.next.airbnb.com,X,,
https://michaelkkors1.admin-next.airbnb.com,,X,
https://sagelabs.admin.airbnb.com,,X,
http://nfunctions.next.airbnb.com,X,,
https://sm.next.airbnb.com,,X,
https://nfunctions.next.airbnb.com,,X,
http://7.tlcovid19-private.next.airbnb.com,X,,
http://0-tlcovid19-private.secure.admin.airbnb.com,X,,
https://cname.next.airbnb.com,,X,
http://cname.next.airbnb.com,X,,
http://vl.1.next.airbnb.com,X,,
https://0-tlcovid19-private.secure.admin.airbnb.com,,X,
http://smtp.next.airbnb.com,X,,
https://smtp.next.airbnb.com,,X,
http://styles-int.next.airbnb.com,X,,
https://styles-int.next.airbnb.com,,X,
http://pages.mail.airbnb.com,X,,
http://www1.next.airbnb.com,X,,
https://www1.next.airbnb.com,,X,
http://comercio.evd.next.airbnb.com,X,,
http://akamai-test-origin.next.airbnb.com,X,,
https://akamai-test-origin.next.airbnb.com,,X,
http://mystique.next.airbnb.com,X,,
https://mystique.next.airbnb.com,,X,
http://bs.airbnb.com,X,,
http://esxi05.dev.next.airbnb.com,X,,
https://pages.mail.airbnb.com,,X,
http://alex7.new.next.airbnb.com,X,,
http://caraudiodc.blast2s.next.airbnb.com,X,,
http://hibimarche-net.dev.next.airbnb.com,X,,
http://sql.next.airbnb.com,X,,
https://bs.airbnb.com,,X,
https://sql.next.airbnb.com,,X,
http://samira.mail33.next.airbnb.com,X,,
https://ks-order-api.next.airbnb.com,,X,
http://ks-order-api.next.airbnb.com,X,,
http://trauma1.uk.next.airbnb.com,X,,
http://blog.airbnb.com,X,,
http://tl.airbnb.com,X,,
https://blog.airbnb.com,,X,
http://mail1.next.airbnb.com,X,,
https://mail1.next.airbnb.com,,X,
https://mail2.next.airbnb.com,,X,
http://mail2.next.airbnb.com,X,,
http://csc.uat.next.airbnb.com,X,,
http://gdo.next.airbnb.com,X,,
http://rockordie1.invenio.next.airbnb.com,X,,
https://gdo.next.airbnb.com,,X,
http://id-covid19-service.next.airbnb.com,X,,
https://id-covid19-service.next.airbnb.com,,X,
http://zh-t-covid19-billing.next.airbnb.com,X,,
https://zh-t-covid19-billing.next.airbnb.com,,X,
https://tl.airbnb.com,,X,
https://vendor.next.airbnb.com,,X,
http://vendor.next.airbnb.com,X,,
http://bubu.merchdirect.next.airbnb.com,X,,
http://hostmaster.next.airbnb.com,X,,
https://hostmaster.next.airbnb.com,,X,
https://gw.next.airbnb.com,,X,
http://gw.next.airbnb.com,X,,
http://andes.merchdirect.next.airbnb.com,X,,
http://huang1qi2.new.next.airbnb.com,X,,
http://home.next.airbnb.com,X,,
https://home.next.airbnb.com,,X,
http://us.isit.admin.airbnb.com,X,,
http://csg.express.next.airbnb.com,X,,
http://webforward.next.airbnb.com,X,,
https://us.isit.admin.airbnb.com,,X,
https://webforward.next.airbnb.com,,X,
http://k8s.next.airbnb.com,X,,
https://k8s.next.airbnb.com,,X,
http://greenmart21.optimize.next.airbnb.com,X,,
http://akamai.airbnb.com,X,,
http://gbkh.new.next.airbnb.com,X,,
https://akamai.airbnb.com,,X,
https://mail.next.airbnb.com,,X,
http://mail.next.airbnb.com,X,,
https://talos.next.airbnb.com,,X,
http://talos.next.airbnb.com,X,,
http://vi.airbnb.com,X,,
https://vi.airbnb.com,,X,
http://thenewage.mail33.next.airbnb.com,X,,
http://el.covid19nov.next.airbnb.com,X,,
http://0ms.optustvnow.next.airbnb.com,X,,
http://ninstwww.next.airbnb.com,X,,
https://ninstwww.next.airbnb.com,,X,
http://www.airbnb.cn,X,,
http://drjohn.1.next.airbnb.com,X,,
http://zh.next.airbnb.com,X,,
http://nginx-newest.next.airbnb.com,X,,
https://nginx-newest.next.airbnb.com,,X,
http://users.uat.next.airbnb.com,X,,
http://be1.next.airbnb.com,X,,
https://be1.next.airbnb.com,,X,
https://www.airbnb.cn,,X,
http://quantumleben4.next.airbnb.com,X,,
https://quantumleben4.next.airbnb.com,,X,
https://ks-vendingtransactions-mq2.next.airbnb.com,,X,
http://ks-vendingtransactions-mq2.next.airbnb.com,X,,
http://fraud.next.airbnb.com,X,,
http://tpe.idprofile-covid19.next.airbnb.com,X,,
https://fraud.next.airbnb.com,,X,
https://zh.next.airbnb.com,,X,
http://nuat.next.airbnb.com,X,,
https://nuat.next.airbnb.com,,X,
http://malice.mystique.next.airbnb.com,X,,
http://fls-thai.admin.airbnb.com,X,,
http://comp.rkai.next.airbnb.com,X,,
http://norbert.optimize.next.airbnb.com,X,,
http://yangju.evd.next.airbnb.com,X,,
http://gem.res.next.airbnb.com,X,,
https://fls-thai.admin.airbnb.com,,X,
http://chef.admin-lite.airbnb.com,X,,
http://inst-www.next.airbnb.com,X,,
https://inst-www.next.airbnb.com,,X,
http://mail24.next.airbnb.com,X,,
https://chef.admin-lite.airbnb.com,,X,
https://mail24.next.airbnb.com,,X,
https://wp.next.airbnb.com,,X,
http://wp.next.airbnb.com,X,,
http://devel.next.airbnb.com,X,,
https://devel.next.airbnb.com,,X,
http://fishbowl.mail33.next.airbnb.com,X,,
https://cim-api.next.airbnb.com,,X,
http://cim-api.next.airbnb.com,X,,
https://mail27.next.airbnb.com,,X,
http://mail27.next.airbnb.com,X,,
http://provincial.next.airbnb.com,X,,
https://provincial.next.airbnb.com,,X,
http://autodiscover.next.airbnb.com,X,,
https://autodiscover.next.airbnb.com,,X,
http://id.airbnb.com,X,,
http://xxlong.airbnb.com,X,,
https://id.airbnb.com,,X,
http://guitarhero.pictures.next.airbnb.com,X,,
http://ftp.next.airbnb.com,X,,
https://xxlong.airbnb.com,,X,
https://ftp.next.airbnb.com,,X,
http://fr.next.airbnb.com,X,,
http://admin-lite-staging.airbnb.com,X,,
http://waheed.merchdirect.next.airbnb.com,X,,
http://jinx-covid19-id.next.airbnb.com,X,,
https://jinx-covid19-id.next.airbnb.com,,X,
https://admin-lite-staging.airbnb.com,,X,
http://engineering.airbnb.com,X,,
http://cas02.dev.next.airbnb.com,X,,
http://us-east-1.next.airbnb.com,X,,
https://us-east-1.next.airbnb.com,,X,
https://engineering.airbnb.com,,X,
https://fr.next.airbnb.com,,X,
http://m.next.airbnb.com,X,,
https://m.next.airbnb.com,,X,
http://hu.region-covid19.next.airbnb.com,X,,
http://dev.admin.airbnb.com,X,,
https://dev.admin.airbnb.com,,X,
http://uk.int.next.airbnb.com,X,,
http://newpro.dev.next.airbnb.com,X,,
http://ivr.next.airbnb.com,X,,
https://ivr.next.airbnb.com,,X,
http://apiwww.next.airbnb.com,X,,
https://apiwww.next.airbnb.com,,X,
http://de.next.airbnb.com,X,,
https://i.next.airbnb.com,,X,
http://i.next.airbnb.com,X,,
http://academy.next.airbnb.com,X,,
https://academy.next.airbnb.com,,X,
http://covid19demo-id.next.airbnb.com,X,,
https://covid19demo-id.next.airbnb.com,,X,
http://ovh1.dev.next.airbnb.com,X,,
http://test47.dev.next.airbnb.com,X,,
http://10.covid19elasticbeanstalk-el.next.airbnb.com,X,,
http://bg.airbnb.com,X,,
https://de.next.airbnb.com,,X,
http://beyond.airbnb.com,X,,
https://bg.airbnb.com,,X,
https://beyond.airbnb.com,,X,
http://ja.next.airbnb.com,X,,
https://ja.next.airbnb.com,,X,
https://db.next.airbnb.com,,X,
http://db.next.airbnb.com,X,,
https://orders.next.airbnb.com,,X,
http://orders.next.airbnb.com,X,,
http://demo.next.airbnb.com,X,,
https://demo.next.airbnb.com,,X,
http://ncam.next.airbnb.com,X,,
https://ncam.next.airbnb.com,,X,
http://wanjin1.moodle.next.airbnb.com,X,,
http://gac-rds-external-readonly.next.airbnb.com,X,,
https://gac-rds-external-readonly.next.airbnb.com,,X,
http://nshift.next.airbnb.com,X,,
https://nshift.next.airbnb.com,,X,
http://email.next.airbnb.com,X,,
https://email.next.airbnb.com,,X,
http://fernanda.p2p.next.airbnb.com,X,,
http://caoliu.express.next.airbnb.com,X,,
http://manat0-com.kb.next.airbnb.com,X,,
http://da.airbnb.com,X,,
http://ar.next.airbnb.com,X,,
https://da.airbnb.com,,X,
https://ar.next.airbnb.com,,X,
http://whm.catalog.next.airbnb.com,X,,
http://media.next.airbnb.com,X,,
https://media.next.airbnb.com,,X,
https://mobilegwstg.next.airbnb.com,,X,
http://mobilegwstg.next.airbnb.com,X,,
http://et.airbnb.com,X,,
http://mt.airbnb.com,X,,
https://et.airbnb.com,,X,
http://concierge.next.airbnb.com,X,,
https://concierge.next.airbnb.com,,X,
https://mt.airbnb.com,,X,
http://surgeryadmin.mail33.next.airbnb.com,X,,
http://users.uk.next.airbnb.com,X,,
http://admin.next.airbnb.com,X,,
https://admin.next.airbnb.com,,X,
http://napi.admin.airbnb.com,X,,
https://cim-api-qa.next.airbnb.com,,X,
http://cim-api-qa.next.airbnb.com,X,,
http://vault.next.airbnb.com,X,,
https://vault.next.airbnb.com,,X,
https://napi.admin.airbnb.com,,X,
https://nmail21.next.airbnb.com,,X,
http://nmail21.next.airbnb.com,X,,
http://dtc.mail31.next.airbnb.com,X,,
http://inst.www.next.airbnb.com,X,,
http://dashboard.next.airbnb.com,X,,
https://dashboard.next.airbnb.com,,X,
http://joeunwoor.merchdirect.next.airbnb.com,X,,
http://test.next.airbnb.com,X,,
https://test.next.airbnb.com,,X,
http://fw.next.airbnb.com,X,,
https://fw.next.airbnb.com,,X,
http://root.next.airbnb.com,X,,
https://root.next.airbnb.com,,X,
http://host.next.airbnb.com,X,,
https://host.next.airbnb.com,,X,
http://tpe.id-covid19-service.next.airbnb.com,X,,
http://ote.rpanel.next.airbnb.com,X,,
https://functions.next.airbnb.com,,X,
http://functions.next.airbnb.com,X,,
http://nl.airbnb.com,X,,
http://cjohnson.next.airbnb.com,X,,
https://cjohnson.next.airbnb.com,,X,
http://hakim.merchdirect.next.airbnb.com,X,,
http://survey.dev.next.airbnb.com,X,,
http://mienki13.instwww.next.airbnb.com,X,,
http://sqlweb.optustvnow.next.airbnb.com,X,,
https://nl.airbnb.com,,X,
http://job.next.airbnb.com,X,,
https://job.next.airbnb.com,,X,
http://one-next.airbnb.com,X,,
http://csm.next.airbnb.com,X,,
https://csm.next.airbnb.com,,X,
http://ikkome.new.next.airbnb.com,X,,
https://one-next.airbnb.com,,X,
http://gallery.new.next.airbnb.com,X,,
http://august.adapter.next.airbnb.com,X,,
http://crea.new.next.airbnb.com,X,,
http://v19.dev.next.airbnb.com,X,,
http://uk.next.airbnb.com,X,,
http://express.next.airbnb.com,X,,
https://express.next.airbnb.com,,X,
http://zh-t.next.airbnb.com,X,,
https://uk.next.airbnb.com,,X,
http://careers.next.airbnb.com,X,,
https://careers.next.airbnb.com,,X,
http://norder.next.airbnb.com,X,,
https://norder.next.airbnb.com,,X,
http://stress.merchdirect.next.airbnb.com,X,,
https://zh-t.next.airbnb.com,,X,
http://management.dev.next.airbnb.com,X,,
http://git.next.airbnb.com,X,,
https://git.next.airbnb.com,,X,
http://moodle.next.airbnb.com,X,,
https://moodle.next.airbnb.com,,X,
http://resources.next.airbnb.com,X,,
https://resources.next.airbnb.com,,X,
http://jm3.optustvnow.next.airbnb.com,X,,
http://harpreet.rkai.next.airbnb.com,X,,
http://nhu.next.airbnb.com,X,,
https://nhu.next.airbnb.com,,X,
http://testing3.evd.next.airbnb.com,X,,
http://ncatalog.next.airbnb.com,X,,
https://ncatalog.next.airbnb.com,,X,
http://neu.pictures.next.airbnb.com,X,,
http://wp-sample-info.pictures.next.airbnb.com,X,,
http://searchportal-dev.next.airbnb.com,X,,
https://searchportal-dev.next.airbnb.com,,X,
http://ggs.new.next.airbnb.com,X,,
https://openweb.next.airbnb.com,,X,
http://openweb.next.airbnb.com,X,,
http://inswww.next.airbnb.com,X,,
https://inswww.next.airbnb.com,,X,
https://mongodb.next.airbnb.com,,X,
http://mongodb.next.airbnb.com,X,,
http://blog.next.airbnb.com,X,,
https://blog.next.airbnb.com,,X,
http://samara.airbnb.com,X,,
http://optustvnow.next.airbnb.com,X,,
https://samara.airbnb.com,,X,
https://optustvnow.next.airbnb.com,,X,
http://community.airbnb.com,X,,
https://community.airbnb.com,,X,
http://gopi.merchdirect.next.airbnb.com,X,,
https://shift.next.airbnb.com,,X,
http://shift.next.airbnb.com,X,,
http://ja.admin.airbnb.com,X,,
https://ja.admin.airbnb.com,,X,
http://zh.airbnb.com,X,,
http://admin-lite-next.airbnb.com,X,,
https://admin-lite-next.airbnb.com,,X,
https://zh.airbnb.com,,X,
http://xh.airbnb.com,X,,
http://hopeless.q.next.airbnb.com,X,,
http://enfantstar.optustvnow.next.airbnb.com,X,,
http://mycareer.merchdirect.next.airbnb.com,X,,
https://xh.airbnb.com,,X,
https://crm.next.airbnb.com,,X,
http://crm.next.airbnb.com,X,,
https://gws-qa.next.airbnb.com,,X,
http://gws-qa.next.airbnb.com,X,,
http://acapi.next.airbnb.com,X,,
https://acapi.next.airbnb.com,,X,
http://webmail.next.airbnb.com,X,,
https://webmail.next.airbnb.com,,X,
http://image.mail.airbnb.com,X,,
https://image.mail.airbnb.com,,X,
http://dnjsdl79.logs.next.airbnb.com,X,,
https://mail29.next.airbnb.com,,X,
http://mail29.next.airbnb.com,X,,
http://atlas1.express.next.airbnb.com,X,,
http://bbs.next.airbnb.com,X,,
https://bbs.next.airbnb.com,,X,